"Časovno obdobje per 12 hours","Št. vozil","Povpr. hitrost","Najvišja hitrost","Percentil 85","Št. vseh (več od 50 km/h)","Št. vseh (več od 60 km/h)","Št. vseh (več od 70 km/h)","Št. vseh (več kot 80 km/h)","Št. vseh (več od 90 km/h)","Št. vseh (100 ali več)"
"2024-07-11 00:00",176,"41.233",82,49,22,2,1,1,0,
"2024-07-11 12:00",819,"41.899",73,50,113,11,2,0,0,
"2024-07-12 00:00",572,"41.302",90,50,83,13,4,1,0,
"2024-07-12 12:00",806,"41.648",72,50,107,10,1,0,0,
"2024-07-13 00:00",407,"41.69",70,51,65,5,0,0,0,
"2024-07-13 12:00",610,"42.916",70,51,101,13,0,0,0,
"2024-07-14 00:00",299,"41.906",66,51,48,4,0,0,0,
"2024-07-14 12:00",536,"42.841",73,52,94,5,1,0,0,
"2024-07-15 00:00",581,"41.151",80,50,67,9,3,0,0,
"2024-07-15 12:00",721,"41.72",87,50,95,3,2,1,0,
"2024-07-16 00:00",566,"41.534",74,50,80,6,2,0,0,
"2024-07-16 12:00",748,"42.028",73,50,106,9,2,0,0,
"2024-07-17 00:00",557,"36.899",87,46,42,7,3,1,0,
"2024-07-17 12:00",808,"41.285",73,50,105,11,2,0,0,
"2024-07-18 00:00",561,"40.547",73,50,66,5,2,0,0,
"2024-07-18 12:00",779,"41.438",77,50,87,7,1,0,0,
"2024-07-19 00:00",586,"40.947",66,50,75,9,0,0,0,
"2024-07-19 12:00",728,"42.646",77,51,122,13,1,0,0,
"2024-07-20 00:00",371,"40.984",78,49,39,6,2,0,0,
"2024-07-20 12:00",536,"42.144",72,50,76,10,1,0,0,
"2024-07-21 00:00",279,"40.1",66,49,29,4,0,0,0,
"2024-07-21 12:00",537,"41.577",70,51,81,8,0,0,0,
"2024-07-22 00:00",579,"41.547",94,50,68,9,3,2,1,
"2024-07-22 12:00",699,"41.134",67,50,94,8,0,0,0,
"2024-07-23 00:00",585,"41.051",87,50,77,4,2,2,0,
"2024-07-23 12:00",577,"42.052",66,50,79,7,0,0,0,
"2024-07-24 00:00",525,"40.636",73,49,50,6,3,0,0,
"2024-07-24 12:00",707,"40.789",69,49,86,5,0,0,0,
"2024-07-25 00:00",523,"40.79",72,50,68,7,1,0,0,
"2024-07-25 12:00",659,"41.607",77,50,92,10,3,0,0,
"2024-07-26 00:00",556,"40.856",76,49,69,8,1,0,0,
"2024-07-26 12:00",752,"41.875",64,50,108,5,0,0,0,
"2024-07-27 00:00",389,"42.37",76,52,74,14,3,0,0,
"2024-07-27 12:00",590,"42.068",84,50,85,11,2,1,0,
"2024-07-28 00:00",281,"39.758",62,49,30,1,0,0,0,
"2024-07-28 12:00",375,"42.005",74,50,48,9,2,0,0,
"2024-07-29 00:00",481,"40.634",82,49,50,3,2,1,0,
"2024-07-29 12:00",987,"42.779",73,51,162,11,2,0,0,
"2024-07-30 00:00",519,"39.967",66,49,48,8,0,0,0,
"2024-07-30 12:00",657,"41.836",72,50,83,8,1,0,0,
"2024-07-31 00:00",500,"40.546",85,50,60,7,2,1,0,
"2024-07-31 12:00",678,"41.274",66,50,87,12,0,0,0,
"2024-08-01 00:00",541,"40.017",69,49,53,7,0,0,0,
"2024-08-01 12:00",613,"41.812",63,50,77,3,0,0,0,
"2024-08-02 00:00",513,"40.589",64,49,53,2,0,0,0,
"2024-08-02 12:00",676,"41.75",71,50,88,10,1,0,0,
"2024-08-03 00:00",373,"42.005",72,50,55,8,1,0,0,
"2024-08-03 12:00",560,"41.646",76,50,78,6,1,0,0,
"2024-08-04 00:00",278,"41.061",70,50,38,6,0,0,0,
"2024-08-04 12:00",463,"41.706",73,50,68,4,1,0,0,
"2024-08-05 00:00",547,"39.479",76,48,44,9,2,0,0,
"2024-08-05 12:00",674,"41.07",64,50,86,5,0,0,0,
"2024-08-06 00:00",543,"40.085",80,48,41,4,2,0,0,
"2024-08-06 12:00",765,"41.337",65,50,94,7,0,0,0,
"2024-08-07 00:00",500,"39.996",74,48,49,4,2,0,0,
"2024-08-07 12:00",658,"41.909",65,50,89,9,0,0,0,
"2024-08-08 00:00",515,"40.369",79,48,41,8,2,0,0,
"2024-08-08 12:00",678,"41.909",76,50,99,9,1,0,0,
"2024-08-09 00:00",566,"40.514",72,49,56,4,1,0,0,
"2024-08-09 12:00",778,"41.765",69,50,105,11,0,0,0,
"2024-08-10 00:00",386,"42.508",80,51,66,9,1,0,0,
"2024-08-10 12:00",625,"41.982",64,50,83,4,0,0,0,
"2024-08-11 00:00",295,"41.197",72,50,43,10,2,0,0,
"2024-08-11 12:00",511,"42.765",73,51,93,8,1,0,0,
"2024-08-12 00:00",541,"40.667",75,49,63,6,1,0,0,
"2024-08-12 12:00",781,"41.94",70,50,105,11,0,0,0,
"2024-08-13 00:00",528,"40.79",87,50,57,6,1,1,0,
"2024-08-13 12:00",737,"42.155",77,50,98,6,1,0,0,
"2024-08-14 00:00",596,"41.116",78,49,77,8,3,0,0,
"2024-08-14 12:00",751,"42.206",66,50,112,7,0,0,0,
"2024-08-15 00:00",283,"41.442",82,52,50,4,1,1,0,
"2024-08-15 12:00",564,"42.821",72,51,87,9,3,0,0,
"2024-08-16 00:00",515,"40.637",71,49,62,11,1,0,0,
"2024-08-16 12:00",711,"42.394",71,51,117,10,1,0,0,
"2024-08-17 00:00",383,"40.987",88,50,46,5,2,1,0,
"2024-08-17 12:00",596,"41.745",69,50,85,7,0,0,0,
"2024-08-18 00:00",307,"41.088",79,49,33,7,2,0,0,
"2024-08-18 12:00",415,"41.065",63,49,46,3,0,0,0,
"2024-08-19 00:00",534,"40.978",78,49,64,6,2,0,0,
"2024-08-19 12:00",715,"41.583",63,50,86,3,0,0,0,
"2024-08-20 00:00",549,"39.488",80,48,45,10,1,0,0,
"2024-08-20 12:00",776,"41.59",64,49,88,4,0,0,0,
"2024-08-21 00:00",624,"39.893",66,48,55,1,0,0,0,
"2024-08-21 12:00",816,"41.898",71,50,108,11,1,0,0,
"2024-08-22 00:00",566,"39.574",68,48,35,5,0,0,0,
"2024-08-22 12:00",783,"40.957",66,48,67,3,0,0,0,
"2024-08-23 00:00",478,"36.056",57,43,3,0,0,0,0,
"2024-08-23 12:00",753,"41.695",72,50,99,12,2,0,0,
"2024-08-24 00:00",389,"40.396",62,47,18,1,0,0,0,
"2024-08-24 12:00",536,"40.062",62,46,21,1,0,0,0,
"2024-08-25 00:00",287,"38.233",56,45,8,0,0,0,0,
"2024-08-25 12:00",434,"38.896",57,46,10,0,0,0,0,
"2024-08-26 00:00",492,"37.283",58,44,10,0,0,0,0,
"2024-08-26 12:00",602,"37.982",68,45,22,1,0,0,0,
"2024-08-27 00:00",467,"35.169",50,41,0,0,0,0,0,
"2024-08-27 12:00",499,"36.291",52,43,1,0,0,0,0,
"2024-08-28 00:00",482,"35.649",59,42,2,0,0,0,0,
"2024-08-28 12:00",645,"40.279",66,49,65,4,0,0,0,
"2024-08-29 00:00",580,"40.348",71,49,63,6,1,0,0,
"2024-08-29 12:00",727,"41.323",63,49,77,6,0,0,0,
"2024-08-30 00:00",632,"40.946",79,50,79,6,2,0,0,
"2024-08-30 12:00",775,"41.69",73,50,96,7,1,0,0,
"2024-08-31 00:00",422,"40.782",71,50,62,9,1,0,0,
"2024-08-31 12:00",569,"43.17",72,51,88,9,1,0,0,
"2024-09-01 00:00",282,"41.099",81,50,38,2,1,1,0,
"2024-09-01 12:00",611,"43.17",85,51,103,9,1,1,0,
"2024-09-02 00:00",639,"39.119",68,48,50,1,0,0,0,
"2024-09-02 12:00",672,"41.421",64,49,65,3,0,0,0,
"2024-09-03 00:00",627,"38.568",63,47,36,2,0,0,0,
"2024-09-03 12:00",734,"40.544",71,49,66,4,1,0,0,
"2024-09-04 00:00",585,"39.152",76,48,41,4,2,0,0,
"2024-09-04 12:00",746,"40.871",61,48,49,1,0,0,0,
"2024-09-05 00:00",567,"35.095",56,42,5,0,0,0,0,
"2024-09-05 12:00",458,"35.622",49,41,0,0,0,0,0,
"2024-09-06 00:00",429,"33.312",49,39,0,0,0,0,0,
"2024-09-06 12:00",721,"39.72",77,48,58,3,1,0,0,
"2024-09-07 00:00",433,"40.933",81,50,58,7,4,1,0,
"2024-09-07 12:00",653,"41.827",74,50,85,8,1,0,0,
"2024-09-08 00:00",371,"38.992",74,49,34,3,2,0,0,
"2024-09-08 12:00",243,"37.074",58,47,11,0,0,0,0,
"2024-09-09 00:00",326,"36.429",55,43,1,0,0,0,0,
"2024-09-09 12:00",509,"39.053",60,46,20,0,0,0,0,
"2024-09-10 00:00",620,"39.523",73,48,60,4,1,0,0,
"2024-09-10 12:00",733,"40.799",63,49,72,2,0,0,0,
"2024-09-11 00:00",632,"38.573",66,47,47,3,0,0,0,
"2024-09-11 12:00",753,"39.514",60,47,54,0,0,0,0,
"2024-09-12 00:00",452,"37.48",53,44,2,0,0,0,0,
"2024-09-12 12:00",371,"39.232",60,48,25,0,0,0,0,
"2024-09-13 00:00",626,"39.714",63,48,35,1,0,0,0,
"2024-09-13 12:00",786,"41.148",72,49,81,4,1,0,0,
"2024-09-14 00:00",455,"40.991",69,49,51,5,0,0,0,
"2024-09-14 12:00",502,"40.502",63,48,40,2,0,0,0,
"2024-09-15 00:00",295,"41.325",60,50,40,0,0,0,0,
"2024-09-15 12:00",423,"41.35",74,50,51,4,1,0,0,
"2024-09-16 00:00",626,"40.115",72,48,45,5,1,0,0,
"2024-09-16 12:00",681,"39.844",58,47,32,0,0,0,0,
"2024-09-17 00:00",583,"36.331",67,43,4,1,0,0,0,
"2024-09-17 12:00",649,"38.373",51,45,1,0,0,0,0,
"2024-09-18 00:00",526,"35.338",50,42,0,0,0,0,0,
"2024-09-18 12:00",602,"35.513",56,42,1,0,0,0,0,
"2024-09-19 00:00",457,"34.985",51,41,1,0,0,0,0,
"2024-09-19 12:00",644,"35.825",56,42,2,0,0,0,0,
"2024-09-20 00:00",530,"35.392",49,42,0,0,0,0,0,
"2024-09-20 12:00",674,"38.571",67,46,39,3,0,0,0,
"2024-09-21 00:00",427,"41.653",82,50,61,8,3,1,0,
"2024-09-21 12:00",579,"41.446",91,50,69,7,3,1,1,
"2024-09-22 00:00",319,"41.006",64,49,35,2,0,0,0,
"2024-09-22 12:00",412,"41.578",70,50,54,3,0,0,0,
"2024-09-23 00:00",610,"40.157",73,49,67,5,1,0,0,
"2024-09-23 12:00",749,"40.948",66,49,78,3,0,0,0,
"2024-09-24 00:00",487,"39.084",65,47,26,1,0,0,0,
"2024-09-24 12:00",687,"40.534",62,48,45,2,0,0,0,
"2024-09-25 00:00",593,"39.523",64,47,42,1,0,0,0,
"2024-09-25 12:00",768,"40.301",63,47,42,1,0,0,0,
"2024-09-26 00:00",620,"39.697",62,47,31,1,0,0,0,
"2024-09-26 12:00",650,"40.268",68,47,37,3,0,0,0,
"2024-09-27 00:00",467,"37.94",59,45,8,0,0,0,0,
"2024-09-27 12:00",684,"40.406",60,47,31,0,0,0,0,
"2024-09-28 00:00",458,"39.024",60,46,14,0,0,0,0,
"2024-09-28 12:00",495,"38.653",55,46,13,0,0,0,0,
"2024-09-29 00:00",313,"38.463",55,46,5,0,0,0,0,
"2024-09-29 12:00",474,"39.207",57,46,10,0,0,0,0,
"2024-09-30 00:00",598,"38.017",54,45,7,0,0,0,0,
"2024-09-30 12:00",824,"39.002",75,48,52,7,2,0,0,
"2024-10-01 00:00",616,"40.523",78,50,77,13,3,0,0,
"2024-10-01 12:00",775,"39.986",68,49,71,3,0,0,0,
"2024-10-02 00:00",568,"39.25",71,47,40,2,1,0,0,
"2024-10-02 12:00",261,"38.816",59,47,15,0,0,0,0,
"2024-10-03 00:00",433,"39.206",67,47,23,2,0,0,0,
"2024-10-03 12:00",418,"36.976",56,45,11,0,0,0,0,
"2024-10-04 00:00",405,"39.941",56,46,13,0,0,0,0,
"2024-10-04 12:00",817,"39.108",64,46,24,1,0,0,0,
"2024-10-05 00:00",331,"37.867",55,45,2,0,0,0,0,
"2024-10-05 12:00",564,"38.179",53,44,6,0,0,0,0,
"2024-10-06 00:00",265,"36.279",54,43,3,0,0,0,0,
"2024-10-06 12:00",483,"36.164",51,43,1,0,0,0,0,
"2024-10-07 00:00",443,"34.192",48,40,0,0,0,0,0,
"2024-10-07 12:00",707,"39.106",65,47,52,6,0,0,0,
"2024-10-08 00:00",612,"40.173",72,49,69,7,2,0,0,
"2024-10-08 12:00",605,"40.579",64,49,56,4,0,0,0,
"2024-10-09 00:00",635,"39.531",66,47,42,4,0,0,0,
"2024-10-09 12:00",742,"41.139",65,50,76,5,0,0,0,
"2024-10-10 00:00",614,"39.837",67,48,57,3,0,0,0,
"2024-10-10 12:00",512,"40.547",62,49,43,2,0,0,0,
"2024-10-11 00:00",660,"40.221",71,49,80,5,1,0,0,
"2024-10-11 12:00",957,"40.332",69,49,90,7,0,0,0,
"2024-10-12 00:00",446,"40.697",74,49,40,4,1,0,0,
"2024-10-12 12:00",624,"41.212",62,50,79,3,0,0,0,
"2024-10-13 00:00",284,"40.764",63,49,33,1,0,0,0,
"2024-10-13 12:00",523,"39.392",59,46,25,0,0,0,0,
"2024-10-14 00:00",609,"37.936",55,45,13,0,0,0,0,
"2024-10-14 12:00",769,"39.189",60,46,27,0,0,0,0,
"2024-10-15 00:00",540,"36.83",55,43,5,0,0,0,0,
"2024-10-15 12:00",682,"35.922",53,43,5,0,0,0,0,
"2024-10-16 00:00",540,"34.43",53,41,3,0,0,0,0,
"2024-10-16 12:00",577,"36.035",51,42,1,0,0,0,0,
"2024-10-17 00:00",467,"34.711",50,40,0,0,0,0,0,
"2024-10-17 12:00",627,"37.668",61,45,28,2,0,0,0,
"2024-10-18 00:00",584,"40.068",67,49,64,5,0,0,0,
"2024-10-18 12:00",763,"41.02",71,49,71,6,1,0,0,
"2024-10-19 00:00",442,"41.059",74,49,39,2,1,0,0,
"2024-10-19 12:00",569,"41.394",67,49,52,8,0,0,0,
"2024-10-20 00:00",319,"40.11",67,47,17,1,0,0,0,
"2024-10-20 12:00",482,"40.896",62,48,39,2,0,0,0,
"2024-10-21 00:00",615,"38.867",67,46,28,1,0,0,0,
"2024-10-21 12:00",744,"39.339",60,46,27,0,0,0,0,
"2024-10-22 00:00",573,"36.74",53,43,3,0,0,0,0,
"2024-10-22 12:00",678,"36.912",53,44,4,0,0,0,0,
"2024-10-23 00:00",546,"36.57",55,43,4,0,0,0,0,
"2024-10-23 12:00",663,"38.635",59,46,29,0,0,0,0,
"2024-10-24 00:00",637,"39.557",66,48,51,2,0,0,0,
"2024-10-24 12:00",741,"40.613",76,49,69,6,1,0,0,
"2024-10-25 00:00",638,"40.997",67,48,63,6,0,0,0,
"2024-10-25 12:00",781,"41.714",77,50,108,4,1,0,0,
"2024-10-26 00:00",450,"41.553",72,50,65,5,2,0,0,
"2024-10-26 12:00",513,"42.706",84,51,89,6,1,1,0,
"2024-10-27 00:00",344,"40.77",65,49,41,5,0,0,0,
"2024-10-27 12:00",465,"41.529",73,50,57,8,1,0,0,
"2024-10-28 00:00",571,"40.284",79,49,66,6,2,0,0,
"2024-10-28 12:00",649,"41.082",67,50,92,10,0,0,0,
"2024-10-29 00:00",585,"40.826",75,50,69,8,1,0,0,
"2024-10-29 12:00",698,"41.655",66,50,82,6,0,0,0,
"2024-10-30 00:00",657,"41.073",88,49,75,6,1,1,0,
"2024-10-30 12:00",687,"41.381",65,50,87,11,0,0,0,
"2024-10-31 00:00",363,"40.466",69,50,45,4,0,0,0,
"2024-10-31 12:00",586,"40.829",73,50,72,10,1,0,0,
"2024-11-01 00:00",273,"40.886",73,50,33,4,1,0,0,
"2024-11-01 12:00",589,"39.905",70,49,60,6,0,0,0,
"2024-11-02 00:00",395,"41.658",75,50,49,8,4,0,0,
"2024-11-02 12:00",498,"41.892",78,51,75,9,3,0,0,
"2024-11-03 00:00",271,"40.631",81,49,23,2,1,1,0,
"2024-11-03 12:00",414,"41.36",71,50,61,5,1,0,0,
"2024-11-04 00:00",645,"40.33",79,49,76,6,5,0,0,
"2024-11-04 12:00",756,"40.984",64,49,86,6,0,0,0,
"2024-11-05 00:00",668,"41.19",79,50,89,6,1,0,0,
"2024-11-05 12:00",722,"41.263",69,50,98,8,0,0,0,
"2024-11-06 00:00",641,"40.677",96,49,75,10,4,1,1,
"2024-11-06 12:00",749,"41.586",80,50,103,10,4,0,0,
"2024-11-07 00:00",684,"40.662",74,49,67,16,1,0,0,
"2024-11-07 12:00",770,"40.708",68,49,76,4,0,0,0,
"2024-11-08 00:00",688,"41.068",74,49,72,7,1,0,0,
"2024-11-08 12:00",768,"40.299",58,48,50,0,0,0,0,
"2024-11-09 00:00",466,"40.481",69,49,46,1,0,0,0,
"2024-11-09 12:00",566,"40.763",63,48,46,2,0,0,0,
"2024-11-10 00:00",321,"41.48",69,50,47,5,0,0,0,
"2024-11-10 12:00",470,"42.583",76,51,85,14,1,0,0,
"2024-11-11 00:00",678,"40.591",75,49,82,6,2,0,0,
"2024-11-11 12:00",710,"39.82",73,47,50,2,1,0,0,
"2024-11-12 00:00",626,"38.487",63,46,23,1,0,0,0,
"2024-11-12 12:00",693,"40.117",60,48,57,0,0,0,0,
"2024-11-13 00:00",640,"40.909",77,49,74,5,2,0,0,
"2024-11-13 12:00",746,"41.017",63,49,60,1,0,0,0,
"2024-11-14 00:00",681,"39.543",61,46,25,1,0,0,0,
"2024-11-14 12:00",758,"39.694",66,47,35,1,0,0,0,
"2024-11-15 00:00",655,"37.821",64,45,11,2,0,0,0,
"2024-11-15 12:00",879,"38.501",59,45,18,0,0,0,0,
"2024-11-16 00:00",362,"37.508",53,43,2,0,0,0,0,
"2024-11-16 12:00",478,"37.299",50,43,0,0,0,0,0,
"2024-11-17 00:00",249,"37.321",50,43,0,0,0,0,0,
"2024-11-17 12:00",260,"36.827",49,42,0,0,0,0,0,
"2024-11-18 00:00",561,"36.567",54,42,4,0,0,0,0,
"2024-11-18 12:00",774,"39.934",62,48,66,2,0,0,0,
"2024-11-19 00:00",617,"41.159",73,50,78,10,1,0,0,
"2024-11-19 12:00",689,"40.801",63,49,67,2,0,0,0,
"2024-11-20 00:00",455,"39.18",59,48,45,0,0,0,0,
"2024-11-20 12:00",721,"41.641",63,49,83,6,0,0,0,
"2024-11-21 00:00",618,"40.82",68,48,43,3,0,0,0,
"2024-11-21 12:00",751,"40.816",64,48,53,3,0,0,0,
"2024-11-22 00:00",519,"37.724",59,46,12,0,0,0,0,
"2024-11-22 12:00",804,"39.929",61,47,39,1,0,0,0,
"2024-11-23 00:00",421,"39.473",72,46,10,2,1,0,0,
"2024-11-23 12:00",467,"38.073",57,45,9,0,0,0,0,
"2024-11-24 00:00",166,"36.175",48,40,0,0,0,0,0,
"2024-11-24 12:00",285,"39.253",64,48,27,3,0,0,0,
"2024-11-25 00:00",621,"40.3",69,50,76,6,0,0,0,
"2024-11-25 12:00",732,"41.417",69,49,89,8,0,0,0,
"2024-11-26 00:00",577,"38.932",73,48,48,7,1,0,0,
"2024-11-26 12:00",696,"39.862",63,47,51,1,0,0,0,
"2024-11-27 00:00",352,"37.849",57,46,16,0,0,0,0,
"2024-11-27 12:00",610,"38.438",54,45,14,0,0,0,0,
"2024-11-28 00:00",485,"36.184",51,42,2,0,0,0,0,
"2024-11-28 12:00",549,"35.973",50,42,0,0,0,0,0,
"2024-11-29 00:00",495,"34.927",48,41,0,0,0,0,0,
"2024-11-29 12:00",670,"38.873",64,47,41,3,0,0,0,
"2024-11-30 00:00",400,"41.903",76,51,62,7,1,0,0,
"2024-11-30 12:00",546,"42.969",98,51,96,7,3,2,1,
"2024-12-01 00:00",286,"42.448",81,51,48,3,1,1,0,
"2024-12-01 12:00",465,"42.144",69,51,75,8,0,0,0,
"2024-12-02 00:00",619,"41.107",73,49,70,5,1,0,0,
"2024-12-02 12:00",784,"41.119",70,49,65,4,0,0,0,
"2024-12-03 00:00",617,"39.849",61,47,37,1,0,0,0,
"2024-12-03 12:00",665,"39.144",60,46,16,0,0,0,0,
"2024-12-04 00:00",590,"37.878",54,44,9,0,0,0,0,
"2024-12-04 12:00",776,"38.351",63,45,20,1,0,0,0,
"2024-12-05 00:00",624,"40.521",68,50,77,10,0,0,0,
"2024-12-05 12:00",822,"41.732",73,50,96,9,1,0,0,
"2024-12-06 00:00",607,"40.708",65,49,63,5,0,0,0,
"2024-12-06 12:00",845,"40.408",71,48,64,4,1,0,0,
"2024-12-07 00:00",410,"40.917",67,48,40,9,0,0,0,
"2024-12-07 12:00",578,"41.336",60,48,48,0,0,0,0,
"2024-12-08 00:00",314,"41.108",69,49,29,3,0,0,0,
"2024-12-08 12:00",423,"41.603",67,48,33,3,0,0,0,
"2024-12-09 00:00",602,"40.048",65,48,41,3,0,0,0,
"2024-12-09 12:00",678,"40.065",59,47,25,0,0,0,0,
"2024-12-10 00:00",526,"36.717",52,43,3,0,0,0,0,
"2024-12-10 12:00",534,"36.766",50,43,0,0,0,0,0,
"2024-12-11 00:00",427,"34.52",51,40,1,0,0,0,0,
"2024-12-11 12:00",596,"37.975",60,45,37,0,0,0,0,
"2024-12-12 00:00",601,"39.987",74,48,55,4,1,0,0,
"2024-12-12 12:00",768,"41.497",63,49,85,5,0,0,0,
"2024-12-13 00:00",631,"39.689",68,48,46,3,0,0,0,
"2024-12-13 12:00",754,"41.273",64,49,66,4,0,0,0,
"2024-12-14 00:00",398,"39.666",63,47,16,1,0,0,0,
"2024-12-14 12:00",459,"39.723",59,46,23,0,0,0,0,
"2024-12-15 00:00",204,"35.583",46,41,0,0,0,0,0,
"2024-12-15 12:00",406,"38.692",63,46,26,2,0,0,0,
"2024-12-16 00:00",644,"40.447",96,48,61,10,2,1,1,
"2024-12-16 12:00",719,"41.317",74,49,75,5,1,0,0,
"2024-12-17 00:00",725,"41.352",70,49,85,7,0,0,0,
"2024-12-17 12:00",697,"40.669",71,49,76,6,1,0,0,
"2024-12-18 00:00",619,"40.501",74,48,58,6,1,0,0,
"2024-12-18 12:00",823,"40.608",70,49,75,6,0,0,0,
"2024-12-19 00:00",598,"39.943",72,48,55,4,1,0,0,
"2024-12-19 12:00",778,"40.504",72,48,53,3,1,0,0,
"2024-12-20 00:00",578,"39.403",66,47,38,2,0,0,0,
"2024-12-20 12:00",849,"41.649",62,49,85,1,0,0,0,
"2024-12-21 00:00",372,"41.43",69,48,29,5,0,0,0,
"2024-12-21 12:00",653,"41.323",65,48,56,1,0,0,0,
"2024-12-22 00:00",259,"41.181",65,48,14,2,0,0,0,
"2024-12-22 12:00",366,"40.383",57,47,16,0,0,0,0,
"2024-12-23 00:00",637,"39.648",62,47,29,1,0,0,0,
"2024-12-23 12:00",803,"40.613",57,47,54,0,0,0,0,
"2024-12-24 00:00",575,"40.002",63,47,29,1,0,0,0,
"2024-12-24 12:00",627,"40.561",61,47,41,1,0,0,0,
"2024-12-25 00:00",169,"38.882",53,48,7,0,0,0,0,
"2024-12-25 12:00",358,"40.081",63,47,16,1,0,0,0,
"2024-12-26 00:00",273,"39.681",58,47,11,0,0,0,0,
"2024-12-26 12:00",476,"40.294",60,47,20,0,0,0,0,
"2024-12-27 00:00",457,"40.197",64,48,20,1,0,0,0,
"2024-12-27 12:00",569,"40.114",60,47,26,0,0,0,0,
"2024-12-28 00:00",315,"40.79",63,48,26,1,0,0,0,
"2024-12-28 12:00",509,"40.077",58,47,13,0,0,0,0,
"2024-12-29 00:00",241,"39.763",61,48,16,1,0,0,0,
"2024-12-29 12:00",418,"40.017",57,47,23,0,0,0,0,
"2024-12-30 00:00",510,"40.143",58,47,17,0,0,0,0,
"2024-12-30 12:00",637,"39.887",58,46,33,0,0,0,0,
"2024-12-31 00:00",415,"40.658",64,47,26,1,0,0,0,
"2024-12-31 12:00",501,"40.663",62,47,27,1,0,0,0,
"2025-01-01 00:00",140,"38.857",56,46,7,0,0,0,0,
"2025-01-01 12:00",315,"40.21",69,47,14,2,0,0,0,
"2025-01-02 00:00",223,"40.251",56,47,9,0,0,0,0,
"2025-01-02 12:00",373,"40.66",60,48,24,0,0,0,0,
"2025-01-03 00:00",346,"39.434",59,46,13,0,0,0,0,
"2025-01-03 12:00",506,"39.292",57,46,11,0,0,0,0,
"2025-01-04 00:00",254,"40.15",61,47,17,1,0,0,0,
"2025-01-04 12:00",476,"38.786",51,45,3,0,0,0,0,
"2025-01-05 00:00",220,"38.382",54,45,2,0,0,0,0,
"2025-01-05 12:00",356,"38.885",55,46,10,0,0,0,0,
"2025-01-06 00:00",598,"37.542",55,44,6,0,0,0,0,
"2025-01-06 12:00",647,"38.598",56,45,9,0,0,0,0,
"2025-01-07 00:00",391,"36.831",55,43,4,0,0,0,0,
"2025-01-07 12:00",241,"38.975",65,46,11,2,0,0,0,
"2025-01-08 00:00",528,"39.955",69,48,39,5,0,0,0,
"2025-01-08 12:00",664,"40.179",61,47,42,1,0,0,0,
"2025-01-09 00:00",426,"39.063",67,48,28,5,0,0,0,
"2025-01-09 12:00",600,"39.925",59,47,40,0,0,0,0,
"2025-01-10 00:00",590,"39.093",62,47,28,2,0,0,0,
"2025-01-10 12:00",656,"39.372",62,46,25,2,0,0,0,
"2025-01-11 00:00",373,"40.509",74,48,26,3,1,0,0,
"2025-01-11 12:00",547,"41.475",64,48,46,1,0,0,0,
"2025-01-12 00:00",249,"40.546",67,48,19,1,0,0,0,
"2025-01-12 12:00",412,"39.985",62,47,22,1,0,0,0,
"2025-01-13 00:00",576,"38.594",61,45,14,1,0,0,0,
"2025-01-13 12:00",671,"39.018",64,45,20,1,0,0,0,
"2025-01-14 00:00",609,"40.409",83,49,61,4,2,1,0,
"2025-01-14 12:00",677,"42.222",78,50,97,6,1,0,0,
"2025-01-15 00:00",606,"40.285",74,49,65,7,1,0,0,
"2025-01-15 12:00",697,"41.914",76,50,87,8,3,0,0,
"2025-01-16 00:00",558,"40.116",64,48,46,4,0,0,0,
"2025-01-16 12:00",698,"40.536",68,48,68,7,0,0,0,
"2025-01-17 00:00",602,"39.855",67,48,45,3,0,0,0,
"2025-01-17 12:00",713,"41.489",72,49,80,4,1,0,0,
"2025-01-18 00:00",382,"41.474",63,50,52,4,0,0,0,
"2025-01-18 12:00",560,"40.825",63,49,58,3,0,0,0,
"2025-01-19 00:00",257,"40.619",60,49,24,0,0,0,0,
"2025-01-19 12:00",402,"40.301",62,48,27,2,0,0,0,
"2025-01-20 00:00",550,"36.809",55,43,1,0,0,0,0,
"2025-01-20 12:00",640,"37.713",54,44,4,0,0,0,0,
"2025-01-21 00:00",519,"36.854",55,43,5,0,0,0,0,
"2025-01-21 12:00",581,"37.85",53,44,3,0,0,0,0,
"2025-01-22 00:00",571,"36.995",52,43,1,0,0,0,0,
"2025-01-22 12:00",602,"37.493",53,43,2,0,0,0,0,
"2025-01-23 00:00",534,"36.408",50,43,0,0,0,0,0,
"2025-01-23 12:00",602,"37.581",50,43,0,0,0,0,0,
"2025-01-24 00:00",528,"36.072",52,42,2,0,0,0,0,
"2025-01-24 12:00",665,"36.838",51,43,3,0,0,0,0,
"2025-01-25 00:00",306,"38.663",55,44,5,0,0,0,0,
"2025-01-25 12:00",431,"38.302",54,44,2,0,0,0,0,
"2025-01-26 00:00",180,"37.789",52,44,2,0,0,0,0,
"2025-01-26 12:00",277,"37.415",68,43,4,2,0,0,0,
"2025-01-27 00:00",504,"36.345",50,42,0,0,0,0,0,
"2025-01-27 12:00",597,"37.327",50,43,0,0,0,0,0,
"2025-01-28 00:00",220,"35.627",51,42,1,0,0,0,0,
"2025-01-28 12:00",363,"36.826",53,43,1,0,0,0,0,
"2025-01-29 00:00",470,"36.566",53,42,1,0,0,0,0,
"2025-01-29 12:00",599,"37.073",54,43,1,0,0,0,0,
"2025-01-30 00:00",499,"35.874",51,42,1,0,0,0,0,
"2025-01-30 12:00",639,"37.039",52,43,2,0,0,0,0,
"2025-01-31 00:00",507,"36.909",52,43,4,0,0,0,0,
"2025-01-31 12:00",630,"38.006",55,44,3,0,0,0,0,
"2025-02-01 00:00",279,"37.025",51,43,1,0,0,0,0,
"2025-02-01 12:00",397,"38.39",52,44,2,0,0,0,0,
"2025-02-02 00:00",229,"37.38",50,44,0,0,0,0,0,
"2025-02-02 12:00",375,"38.563",53,45,1,0,0,0,0,
"2025-02-03 00:00",526,"36.61",55,43,3,0,0,0,0,
"2025-02-03 12:00",592,"37.818",55,44,5,0,0,0,0,
"2025-02-04 00:00",519,"37.592",54,44,5,0,0,0,0,
"2025-02-04 12:00",559,"37.633",52,43,6,0,0,0,0,
"2025-02-05 00:00",440,"35.318",50,41,0,0,0,0,0,
"2025-02-05 12:00",541,"35.83",50,42,0,0,0,0,0,
"2025-02-06 00:00",442,"35.566",47,41,0,0,0,0,0,
"2025-02-06 12:00",530,"35.838",51,41,1,0,0,0,0,
"2025-02-07 00:00",455,"35.171",48,41,0,0,0,0,0,
"2025-02-07 12:00",551,"35.737",52,41,1,0,0,0,0,
"2025-02-08 00:00",214,"35.911",50,42,0,0,0,0,0,
"2025-02-08 12:00",298,"36.285",50,41,0,0,0,0,0,
"2025-02-09 00:00",216,"35.431",45,41,0,0,0,0,0,
"2025-02-09 12:00",232,"35.664",48,41,0,0,0,0,0,
"2025-02-10 00:00",407,"34.71",50,41,0,0,0,0,0,
"2025-02-10 12:00",476,"35.662",52,41,1,0,0,0,0,
"2025-02-11 00:00",404,"35.361",48,41,0,0,0,0,0,
"2025-02-11 12:00",561,"38.954",63,47,29,3,0,0,0,
"2025-02-12 00:00",586,"40.174",69,49,69,8,0,0,0,
"2025-02-12 12:00",681,"41.93",74,49,77,5,1,0,0,
"2025-02-13 00:00",595,"40.343",70,48,54,7,0,0,0,
"2025-02-13 12:00",705,"40.99",83,49,88,8,2,1,0,
"2025-02-14 00:00",464,"37.041",66,45,22,2,0,0,0,
"2025-02-14 12:00",725,"41.08",71,48,62,4,1,0,0,
"2025-02-15 00:00",383,"42.303",72,50,57,6,1,0,0,
"2025-02-15 12:00",570,"43.109",73,51,86,9,1,0,0,
"2025-02-16 00:00",273,"41.678",68,50,35,5,0,0,0,
"2025-02-16 12:00",395,"41.737",84,50,48,5,1,1,0,
"2025-02-17 00:00",600,"39.485",72,48,52,7,2,0,0,
"2025-02-17 12:00",674,"41.794",93,50,74,7,2,1,1,
"2025-02-18 00:00",564,"40.761",71,49,62,2,1,0,0,
"2025-02-18 12:00",696,"41.734",63,49,74,5,0,0,0,
"2025-02-19 00:00",557,"40.361",69,48,58,7,0,0,0,
"2025-02-19 12:00",781,"41.638",66,49,93,5,0,0,0,
"2025-02-20 00:00",480,"40.369",65,49,44,5,0,0,0,
"2025-02-20 12:00",744,"41.083",74,48,67,6,1,0,0,
"2025-02-21 00:00",601,"39.697",69,47,33,3,0,0,0,
"2025-02-21 12:00",731,"40.082",59,47,42,0,0,0,0,
"2025-02-22 00:00",364,"40.676",66,48,18,2,0,0,0,
"2025-02-22 12:00",545,"41.092",63,48,38,1,0,0,0,
"2025-02-23 00:00",286,"39.937",58,48,18,0,0,0,0,
"2025-02-23 12:00",446,"40.224",58,47,23,0,0,0,0,
"2025-02-24 00:00",538,"39.764",75,47,29,3,1,0,0,
"2025-02-24 12:00",621,"41.19",63,47,40,2,0,0,0,
"2025-02-25 00:00",506,"40.413",66,48,34,1,0,0,0,
"2025-02-25 12:00",623,"40.671",58,48,38,0,0,0,0,
"2025-02-26 00:00",517,"39.648",63,47,25,2,0,0,0,
"2025-02-26 12:00",407,"39.199",57,47,16,0,0,0,0,
"2025-02-27 00:00",554,"39.843",62,46,27,1,0,0,0,
"2025-02-27 12:00",660,"40.339",64,47,36,3,0,0,0,
"2025-02-28 00:00",586,"39.947",65,47,39,1,0,0,0,
"2025-02-28 12:00",699,"40.156",59,47,33,0,0,0,0,
"2025-03-01 00:00",380,"41.063",66,48,29,2,0,0,0,
"2025-03-01 12:00",526,"40.797",67,48,37,4,0,0,0,
"2025-03-02 00:00",279,"40.731",61,48,24,1,0,0,0,
"2025-03-02 12:00",395,"40.466",59,48,38,0,0,0,0,
"2025-03-03 00:00",647,"40.224",68,47,44,3,0,0,0,
"2025-03-03 12:00",736,"40.59",60,47,39,0,0,0,0,
"2025-03-04 00:00",613,"39.737",64,48,40,4,0,0,0,
"2025-03-04 12:00",754,"39.387",70,46,28,2,0,0,0,
"2025-03-05 00:00",638,"39.403",73,47,28,2,1,0,0,
"2025-03-05 12:00",713,"40.087",60,48,47,0,0,0,0,
"2025-03-06 00:00",589,"40.394",59,47,37,0,0,0,0,
"2025-03-06 12:00",798,"39.96",63,47,39,2,0,0,0,
"2025-03-07 00:00",610,"39.726",64,47,32,4,0,0,0,
"2025-03-07 12:00",805,"40.145",59,47,47,0,0,0,0,
"2025-03-08 00:00",451,"41.137",61,48,38,2,0,0,0,
"2025-03-08 12:00",570,"41.356",59,48,45,0,0,0,0,
"2025-03-09 00:00",330,"40.37",62,48,21,1,0,0,0,
"2025-03-09 12:00",492,"39.222",60,47,24,0,0,0,0,
"2025-03-10 00:00",453,"39.876",61,47,27,1,0,0,0,
"2025-03-10 12:00",689,"40.483",63,47,43,1,0,0,0,
"2025-03-11 00:00",598,"40.02",63,47,25,2,0,0,0,
"2025-03-11 12:00",655,"40.356",61,47,32,1,0,0,0,
"2025-03-12 00:00",441,"37.991",56,45,11,0,0,0,0,
"2025-03-12 12:00",595,"39.254",58,46,12,0,0,0,0,
"2025-03-13 00:00",610,"38.975",59,45,16,0,0,0,0,
"2025-03-13 12:00",636,"38.945",55,45,9,0,0,0,0,
"2025-03-14 00:00",99,"36.737",49,44,0,0,0,0,0,
"2025-03-14 12:00",656,"38.941",59,45,9,0,0,0,0,
"2025-03-15 00:00",257,"37.031",56,43,1,0,0,0,0,
"2025-03-15 12:00",349,"36.857",51,44,2,0,0,0,0,
"2025-03-16 00:00",263,"37.548",51,44,1,0,0,0,0,
"2025-03-16 12:00",333,"38.33",58,44,3,0,0,0,0,
"2025-03-17 00:00",554,"36.949",53,43,2,0,0,0,0,
"2025-03-17 12:00",593,"37.204",53,44,3,0,0,0,0,
"2025-03-18 00:00",569,"38.148",56,45,9,0,0,0,0,
"2025-03-18 12:00",674,"37.688",52,44,2,0,0,0,0,
"2025-03-19 00:00",606,"37.644",62,44,6,1,0,0,0,
"2025-03-19 12:00",758,"37.76",59,45,13,0,0,0,0,
"2025-03-20 00:00",485,"35.759",50,42,0,0,0,0,0,
"2025-03-20 12:00",577,"35.997",49,42,0,0,0,0,0,
"2025-03-21 00:00",514,"35.527",48,42,0,0,0,0,0,
"2025-03-21 12:00",582,"36.211",54,42,1,0,0,0,0,
"2025-03-22 00:00",327,"36.878",52,42,3,0,0,0,0,
"2025-03-22 12:00",366,"36.03",56,42,1,0,0,0,0,
"2025-03-23 00:00",137,"35.139",47,41,0,0,0,0,0,
"2025-03-23 12:00",262,"36.733",60,42,3,0,0,0,0,
"2025-03-24 00:00",478,"35.017",49,41,0,0,0,0,0,
"2025-03-24 12:00",571,"36.364",54,42,3,0,0,0,0,
"2025-03-25 00:00",616,"36.409",53,42,1,0,0,0,0,
"2025-03-25 12:00",838,"39.192",87,47,40,4,3,1,0,
"2025-03-26 00:00",612,"40.194",85,49,57,9,2,1,0,
"2025-03-26 12:00",742,"41.686",69,49,87,8,0,0,0,
"2025-03-27 00:00",637,"41.182",76,49,74,7,1,0,0,
"2025-03-27 12:00",741,"41.394",63,50,86,5,0,0,0,
"2025-03-28 00:00",573,"41.171",76,49,67,14,3,0,0,
"2025-03-28 12:00",741,"41.198",65,49,77,7,0,0,0,
"2025-03-29 00:00",345,"41.646",80,50,41,3,1,0,0,
"2025-03-29 12:00",492,"42.846",82,50,71,9,3,1,0,
"2025-03-30 00:00",207,"41.285",62,50,28,3,0,0,0,
"2025-03-30 12:00",343,"40.703",62,49,35,1,0,0,0,
"2025-03-31 00:00",634,"40.379",85,48,53,8,3,1,0,
"2025-03-31 12:00",999,"41.259",70,49,111,5,0,0,0,
"2025-04-01 00:00",637,"40.507",77,49,66,8,2,0,0,
"2025-04-01 12:00",733,"41.754",68,49,73,5,0,0,0,
"2025-04-02 00:00",652,"40.195",72,48,60,5,2,0,0,
"2025-04-02 12:00",792,"41.058",76,49,75,9,1,0,0,
"2025-04-03 00:00",637,"41.177",72,50,83,10,1,0,0,
"2025-04-03 12:00",834,"40.785",80,49,92,7,2,0,0,
"2025-04-04 00:00",686,"40.38",71,49,77,6,1,0,0,
"2025-04-04 12:00",865,"41.431",71,49,88,8,1,0,0,
"2025-04-05 00:00",459,"41.904",76,50,60,9,2,0,0,
"2025-04-05 12:00",603,"41.292",74,50,79,6,1,0,0,
"2025-04-06 00:00",310,"40.632",67,50,37,3,0,0,0,
"2025-04-06 12:00",453,"42.042",91,50,63,5,1,1,1,
"2025-04-07 00:00",662,"40.725",76,48,70,13,3,0,0,
"2025-04-07 12:00",676,"40.007",75,48,55,6,1,0,0,
"2025-04-08 00:00",598,"40.804",70,49,63,7,0,0,0,
"2025-04-08 12:00",710,"40.792",66,49,68,6,0,0,0,
"2025-04-09 00:00",201,"39.876",62,49,20,3,0,0,0,
"2025-04-09 12:00",877,"39.862",78,48,64,7,2,0,0,
"2025-04-10 00:00",669,"38.978",65,46,33,3,0,0,0,
"2025-04-10 12:00",727,"38.424",61,46,26,1,0,0,0,
"2025-04-11 00:00",590,"36.346",53,43,2,0,0,0,0,
"2025-04-11 12:00",684,"36.776",50,43,0,0,0,0,0,
"2025-04-12 00:00",388,"36.649",53,43,3,0,0,0,0,
"2025-04-12 12:00",614,"40.578",66,49,65,6,0,0,0,
"2025-04-13 00:00",331,"40.42",66,49,38,3,0,0,0,
"2025-04-13 12:00",410,"42.385",72,50,54,8,1,0,0,
"2025-04-14 00:00",671,"40.031",67,48,52,10,0,0,0,
"2025-04-14 12:00",769,"41.254",65,49,84,4,0,0,0,
"2025-04-15 00:00",344,"39.346",70,48,33,4,0,0,0,
"2025-04-15 12:00",486,"40.492",62,48,40,1,0,0,0,
"2025-04-16 00:00",689,"39.952",65,48,62,3,0,0,0,
"2025-04-16 12:00",820,"40.795",69,48,71,4,0,0,0,
"2025-04-17 00:00",655,"39.915",64,48,52,3,0,0,0,
"2025-04-17 12:00",644,"40.174",66,48,52,5,0,0,0,
"2025-04-18 00:00",482,"39.942",69,48,37,6,0,0,0,
"2025-04-18 12:00",653,"40.966",72,49,62,6,1,0,0,
"2025-04-19 00:00",444,"41.989",73,50,60,8,1,0,0,
"2025-04-19 12:00",602,"41.374",68,49,73,8,0,0,0,
"2025-04-20 00:00",267,"40.404",91,49,35,4,2,1,1,
"2025-04-20 12:00",464,"40.666",81,48,42,7,1,1,0,
"2025-04-21 00:00",296,"40.152",66,49,28,4,0,0,0,
"2025-04-21 12:00",546,"40.222",72,49,59,6,1,0,0,
"2025-04-22 00:00",702,"40.142",70,49,78,9,0,0,0,
"2025-04-22 12:00",825,"40.227",68,49,71,4,0,0,0,
"2025-04-23 00:00",698,"40.185",73,48,70,9,1,0,0,
"2025-04-23 12:00",823,"40.93",68,49,86,7,0,0,0,
"2025-04-24 00:00",679,"40.205",72,48,58,5,1,0,0,
"2025-04-24 12:00",770,"40.903",61,48,64,1,0,0,0,
"2025-04-25 00:00",515,"37.483",61,45,10,1,0,0,0,
"2025-04-25 12:00",883,"40.726",83,47,57,4,1,1,0,
"2025-04-26 00:00",441,"41.175",68,48,32,1,0,0,0,
"2025-04-26 12:00",634,"40.514",69,49,66,5,0,0,0,
"2025-04-27 00:00",268,"40.381",58,48,21,0,0,0,0,
"2025-04-27 12:00",432,"37.743",65,45,10,1,0,0,0,
"2025-04-28 00:00",467,"37.017",56,44,4,0,0,0,0,
"2025-04-28 12:00",633,"37.558",53,44,1,0,0,0,0,
"2025-04-29 00:00",471,"37.255",54,43,2,0,0,0,0,
"2025-04-29 12:00",652,"37.525",53,43,5,0,0,0,0,
"2025-04-30 00:00",479,"36.754",50,43,0,0,0,0,0,
"2025-04-30 12:00",688,"36.262",57,43,4,0,0,0,0,
"2025-05-01 00:00",143,"33.51",46,39,0,0,0,0,0,
"2025-05-01 12:00",270,"34.774",48,40,0,0,0,0,0,
"2025-05-02 00:00",171,"33.731",45,39,0,0,0,0,0,
"2025-05-02 12:00",313,"34.629",49,41,0,0,0,0,0,
"2025-05-03 00:00",268,"34.34",46,40,0,0,0,0,0,
"2025-05-03 12:00",322,"35.332",50,41,0,0,0,0,0,
"2025-05-04 00:00",222,"34.131",50,40,0,0,0,0,0,
"2025-05-04 12:00",303,"35.234",49,41,0,0,0,0,0,
"2025-05-05 00:00",277,"33.542",47,39,0,0,0,0,0,
"2025-05-05 12:00",404,"40.493",61,48,31,2,0,0,0,
"2025-05-06 00:00",618,"40.23",66,48,58,2,0,0,0,
"2025-05-06 12:00",714,"40.86",66,49,64,3,0,0,0,
"2025-05-07 00:00",654,"39.661",65,48,42,4,0,0,0,
"2025-05-07 12:00",837,"40.736",71,49,78,4,1,0,0,
"2025-05-08 00:00",449,"40.002",66,48,36,5,0,0,0,
"2025-05-08 12:00",811,"40.43",71,48,68,3,1,0,0,
"2025-05-09 00:00",687,"39.828",70,48,66,10,0,0,0,
"2025-05-09 12:00","1,018","41.445",75,50,125,8,1,0,0,
"2025-05-10 00:00",475,"41.688",106,50,62,5,1,1,1,106
"2025-05-10 12:00",782,"40.996",74,50,104,10,2,0,0,
"2025-05-11 00:00",312,"41.199",68,50,36,1,0,0,0,
"2025-05-11 12:00",644,"40.989",65,50,77,6,0,0,0,
"2025-05-12 00:00",689,"39.473",67,49,75,7,0,0,0,
"2025-05-12 12:00",820,"41.039",64,48,56,3,0,0,0,
"2025-05-13 00:00",610,"39.848",61,47,38,1,0,0,0,
"2025-05-13 12:00",864,"40.519",67,48,67,3,0,0,0,
"2025-05-14 00:00",676,"39.83",71,48,41,3,1,0,0,
"2025-05-14 12:00",941,"40.423",60,48,70,0,0,0,0,
"2025-05-15 00:00",664,"39.875",62,48,48,7,0,0,0,
"2025-05-15 12:00",828,"40.244",76,48,54,1,1,0,0,
"2025-05-16 00:00",688,"39.414",59,47,32,0,0,0,0,
"2025-05-16 12:00",976,"40.601",69,48,77,4,0,0,0,
"2025-05-17 00:00",471,"41.497",74,49,54,4,2,0,0,
"2025-05-17 12:00",591,"41.19",67,49,50,4,0,0,0,
"2025-05-18 00:00",359,"40.384",63,48,27,1,0,0,0,
"2025-05-18 12:00",529,"40.308",63,47,35,2,0,0,0,
"2025-05-19 00:00",664,"39.506",61,47,33,2,0,0,0,
"2025-05-19 12:00",996,"39.618",60,47,45,0,0,0,0,
"2025-05-20 00:00",582,"38.911",61,46,22,1,0,0,0,
"2025-05-20 12:00",876,"40.161",73,47,46,3,1,0,0,
"2025-05-21 00:00",646,"38.762",61,46,20,1,0,0,0,
"2025-05-21 12:00",839,"39.594",60,47,37,0,0,0,0,
"2025-05-22 00:00",602,"38.653",60,47,21,0,0,0,0,
"2025-05-22 12:00",597,"39.938",63,47,34,1,0,0,0,
"2025-05-23 00:00",657,"38.708",62,46,26,1,0,0,0,
"2025-05-23 12:00",982,"39.991",61,47,59,2,0,0,0,
"2025-05-24 00:00",468,"40.186",62,48,32,1,0,0,0,
"2025-05-24 12:00",652,"38.319",56,45,4,0,0,0,0,
"2025-05-25 00:00",305,"37.525",53,44,1,0,0,0,0,
"2025-05-25 12:00",563,"40.652",78,49,65,9,1,0,0,
"2025-05-26 00:00",684,"40.841",79,49,67,11,1,0,0,
"2025-05-26 12:00",686,"41.032",71,49,73,7,1,0,0,
"2025-05-27 00:00",612,"40.131",73,48,60,6,2,0,0,
"2025-05-27 12:00",842,"41.281",77,49,94,4,1,0,0,
"2025-05-28 00:00",599,"40.578",67,49,53,6,0,0,0,
"2025-05-28 12:00",890,"41.524",63,50,102,4,0,0,0,
"2025-05-29 00:00",660,"41.156",74,49,71,4,1,0,0,
"2025-05-29 12:00",916,"40.836",68,49,99,4,0,0,0,
"2025-05-30 00:00",672,"40.039",70,48,54,7,0,0,0,
"2025-05-30 12:00",972,"40.364",74,49,107,8,2,0,0,
"2025-05-31 00:00",493,"40.935",72,50,63,13,3,0,0,
"2025-05-31 12:00",717,"41.4",73,50,94,7,1,0,0,
"2025-06-01 00:00",365,"40.929",71,50,49,6,2,0,0,
"2025-06-01 12:00",612,"41.038",64,50,89,3,0,0,0,
"2025-06-02 00:00",678,"40.704",74,49,75,6,1,0,0,
"2025-06-02 12:00",836,"40.507",62,48,76,3,0,0,0,
"2025-06-03 00:00",635,"40.022",71,49,58,4,1,0,0,
"2025-06-03 12:00",833,"40.449",63,48,62,4,0,0,0,
"2025-06-04 00:00",638,"39.937",74,49,71,8,1,0,0,
"2025-06-04 12:00",909,"40.425",62,48,77,1,0,0,0,
"2025-06-05 00:00",678,"39.866",66,47,55,7,0,0,0,
"2025-06-05 12:00",930,"40.02",60,48,71,0,0,0,0,
"2025-06-06 00:00",671,"38.848",66,46,31,4,0,0,0,
"2025-06-06 12:00",898,"39.506",65,46,35,1,0,0,0,
"2025-06-07 00:00",457,"39.847",62,47,31,2,0,0,0,
"2025-06-07 12:00",630,"39.044",56,47,20,0,0,0,0,
"2025-06-08 00:00",318,"39.261",64,47,20,1,0,0,0,
"2025-06-08 12:00",483,"39.3",66,47,28,1,0,0,0,
"2025-06-09 00:00",631,"37.472",57,45,11,0,0,0,0,
"2025-06-09 12:00",837,"39.244",58,46,29,0,0,0,0,
"2025-06-10 00:00",645,"38.678",69,46,31,1,0,0,0,
"2025-06-10 12:00",864,"39.154",59,46,31,0,0,0,0,
"2025-06-11 00:00",653,"37.709",58,45,22,0,0,0,0,
"2025-06-11 12:00",876,"38.159",57,46,27,0,0,0,0,
"2025-06-12 00:00",660,"38.588",63,46,25,2,0,0,0,
"2025-06-12 12:00",949,"39.138",59,46,31,0,0,0,0,
"2025-06-13 00:00",678,"38.19",68,45,16,1,0,0,0,
"2025-06-13 12:00",928,"39.105",60,46,36,0,0,0,0,
"2025-06-14 00:00",492,"39.331",62,47,32,1,0,0,0,
"2025-06-14 12:00",641,"39.25",60,46,24,0,0,0,0,
"2025-06-15 00:00",403,"37.836",59,45,8,0,0,0,0,
"2025-06-15 12:00",336,"40.274",57,47,21,0,0,0,0,
"2025-06-16 00:00",566,"38.392",57,46,18,0,0,0,0,
"2025-06-16 12:00",812,"39.543",63,46,23,1,0,0,0,
"2025-06-17 00:00",600,"38.663",65,45,24,1,0,0,0,
"2025-06-17 12:00",818,"39.549",58,46,30,0,0,0,0,
"2025-06-18 00:00",657,"38.239",62,46,22,2,0,0,0,
"2025-06-18 12:00",853,"39.225",62,46,33,1,0,0,0,
"2025-06-19 00:00",661,"38.797",60,46,27,0,0,0,0,
"2025-06-19 12:00",946,"39.325",57,47,37,0,0,0,0,
"2025-06-20 00:00",627,"38.608",60,46,23,0,0,0,0,
"2025-06-20 12:00",894,"39.37",59,46,34,0,0,0,0,
"2025-06-21 00:00",389,"39.388",64,46,19,1,0,0,0,
"2025-06-21 12:00",596,"39.841",58,47,31,0,0,0,0,
"2025-06-22 00:00",337,"39.243",56,47,22,0,0,0,0,
"2025-06-22 12:00",501,"40.277",58,47,19,0,0,0,0,
"2025-06-23 00:00",598,"38.958",67,46,27,1,0,0,0,
"2025-06-23 12:00",772,"38.903",60,46,26,0,0,0,0,
"2025-06-24 00:00",573,"38.103",57,46,22,0,0,0,0,
"2025-06-24 12:00",879,"39.09",69,46,32,1,0,0,0,
"2025-06-25 00:00",318,"38.525",60,47,19,0,0,0,0,
"2025-06-25 12:00",479,"40.695",61,49,42,2,0,0,0,
"2025-06-26 00:00",503,"38.658",61,46,29,1,0,0,0,
"2025-06-26 12:00",703,"39.866",59,47,38,0,0,0,0,
"2025-06-27 00:00",527,"38.662",60,45,17,0,0,0,0,
"2025-06-27 12:00",713,"39.912",64,47,24,1,0,0,0,
"2025-06-28 00:00",398,"39.864",58,47,22,0,0,0,0,
"2025-06-28 12:00",509,"39.99",62,47,19,1,0,0,0,
"2025-06-29 00:00",306,"38.794",57,46,11,0,0,0,0,
"2025-06-29 12:00",500,"40.064",58,47,23,0,0,0,0,
"2025-06-30 00:00",593,"39.027",61,46,26,1,0,0,0,
"2025-06-30 12:00",787,"39.784",61,47,44,1,0,0,0,
"2025-07-01 00:00",582,"38.534",56,46,20,0,0,0,0,
"2025-07-01 12:00",756,"39.316",63,47,28,1,0,0,0,
"2025-07-02 00:00",566,"38.903",57,46,25,0,0,0,0,
"2025-07-02 12:00",742,"39.69",54,47,30,0,0,0,0,
"2025-07-03 00:00",612,"38.892",65,46,28,1,0,0,0,
"2025-07-03 12:00",762,"39.983",59,47,41,0,0,0,0,
"2025-07-04 00:00",609,"39.44",61,47,28,1,0,0,0,
"2025-07-04 12:00",637,"39.65",57,46,22,0,0,0,0,
"2025-07-05 00:00",403,"39.427",62,46,26,1,0,0,0,
"2025-07-05 12:00",564,"39.587",61,47,32,1,0,0,0,
"2025-07-06 00:00",334,"38.557",57,46,12,0,0,0,0,
"2025-07-06 12:00",440,"40.05",63,47,27,1,0,0,0,
"2025-07-07 00:00",444,"38.766",61,46,17,1,0,0,0,
"2025-07-07 12:00",692,"40.251",62,47,26,1,0,0,0,
"2025-07-08 00:00",340,"37.776",60,46,10,0,0,0,0,
"2025-07-08 12:00",740,"39.969",62,46,25,1,0,0,0,
"2025-07-09 00:00",578,"38.792",62,46,18,1,0,0,0,
"2025-07-09 12:00",755,"39.805",56,47,37,0,0,0,0,
"2025-07-10 00:00",514,"39.126",68,47,17,1,0,0,0,
"2025-07-10 12:00",736,"39.969",56,47,29,0,0,0,0,
"2025-07-11 00:00",517,"34.928",55,42,2,0,0,0,0,
"2025-07-11 12:00",579,"36.772",51,43,1,0,0,0,0,
"2025-07-12 00:00",316,"36.152",54,43,1,0,0,0,0,
"2025-07-12 12:00",466,"36.865",53,43,1,0,0,0,0,
"2025-07-13 00:00",241,"35.469",49,41,0,0,0,0,0,
"2025-07-13 12:00",299,"36.217",49,43,0,0,0,0,0,
"2025-07-14 00:00",460,"35.402",64,42,2,1,0,0,0,
"2025-07-14 12:00",578,"36.815",51,43,2,0,0,0,0,
"2025-07-15 00:00",431,"36.179",52,42,1,0,0,0,0,
"2025-07-15 12:00",584,"36.591",51,43,1,0,0,0,0,
"2025-07-16 00:00",345,"35.096",49,40,0,0,0,0,0,
"2025-07-16 12:00",527,"36.583",53,42,2,0,0,0,0,
"2025-07-17 00:00",449,"36.312",51,43,3,0,0,0,0,
"2025-07-17 12:00",594,"35.899",50,42,0,0,0,0,0,
"2025-07-18 00:00",479,"36.004",57,42,2,0,0,0,0,
"2025-07-18 12:00",624,"36.228",53,43,2,0,0,0,0,
"2025-07-19 00:00",347,"36.179",50,42,0,0,0,0,0,
"2025-07-19 12:00",467,"36.842",50,43,0,0,0,0,0,
"2025-07-20 00:00",245,"35.796",49,42,0,0,0,0,0,
"2025-07-20 12:00",396,"36.323",51,43,1,0,0,0,0,
"2025-07-21 00:00",466,"36.232",54,42,2,0,0,0,0,
"2025-07-21 12:00",480,"35.81",50,42,0,0,0,0,0,
"2025-07-22 00:00",419,"36.279",52,42,1,0,0,0,0,
"2025-07-22 12:00",585,"36.658",57,43,4,0,0,0,0,
"2025-07-23 00:00",452,"36.029",49,42,0,0,0,0,0,
"2025-07-23 12:00",583,"35.724",50,42,0,0,0,0,0,
"2025-07-24 00:00",453,"35.841",54,42,2,0,0,0,0,
"2025-07-24 12:00",536,"35.935",50,42,0,0,0,0,0,
"2025-07-25 00:00",365,"35.537",49,42,0,0,0,0,0,
"2025-07-25 12:00",567,"36.407",51,42,1,0,0,0,0,
"2025-07-26 00:00",161,"35.398",47,42,0,0,0,0,0,
"2025-07-26 12:00",445,"36.604",53,42,1,0,0,0,0,
"2025-07-27 00:00",198,"34.889",49,42,0,0,0,0,0,
"2025-07-27 12:00",344,"36.238",48,42,0,0,0,0,0,
"2025-07-28 00:00",389,"35.848",50,42,0,0,0,0,0,
"2025-07-28 12:00",542,"36.589",49,43,0,0,0,0,0,
"2025-07-29 00:00",416,"36.296",54,42,3,0,0,0,0,
"2025-07-29 12:00",520,"36.71",50,43,0,0,0,0,0,
"2025-07-30 00:00",444,"36.176",56,42,5,0,0,0,0,
"2025-07-30 12:00",558,"36.461",52,42,1,0,0,0,0,
"2025-07-31 00:00",426,"36.143",51,42,1,0,0,0,0,
"2025-07-31 12:00",533,"35.602",53,42,3,0,0,0,0,
"2025-08-01 00:00",442,"36.1",55,42,2,0,0,0,0,
"2025-08-01 12:00",540,"36.706",51,42,1,0,0,0,0,
"2025-08-02 00:00",300,"36.963",57,43,1,0,0,0,0,
"2025-08-02 12:00",299,"36.555",52,42,1,0,0,0,0,
"2025-08-03 00:00",223,"35.493",50,41,0,0,0,0,0,
"2025-08-03 12:00",376,"36.37",50,43,0,0,0,0,0,
"2025-08-04 00:00",434,"36.039",50,42,0,0,0,0,0,
"2025-08-04 12:00",568,"36.21",52,43,3,0,0,0,0,
"2025-08-05 00:00",419,"35.63",50,42,0,0,0,0,0,
"2025-08-05 12:00",593,"36.87",53,42,2,0,0,0,0,
"2025-08-06 00:00",325,"35.209",48,40,0,0,0,0,0,
"2025-08-06 12:00",544,"36.403",54,42,2,0,0,0,0,
"2025-08-07 00:00",420,"36.381",49,42,0,0,0,0,0,
"2025-08-07 12:00",623,"36.12",51,42,2,0,0,0,0,
"2025-08-08 00:00",434,"35.62",51,42,1,0,0,0,0,
"2025-08-08 12:00",596,"36.032",48,43,0,0,0,0,0,
"2025-08-09 00:00",243,"35.527",54,42,1,0,0,0,0,
"2025-08-09 12:00",279,"36.52",54,43,1,0,0,0,0,
"2025-08-10 00:00",239,"35.678",50,42,0,0,0,0,0,
"2025-08-10 12:00",386,"36.534",51,43,1,0,0,0,0,
"2025-08-11 00:00",430,"36.267",53,42,1,0,0,0,0,
"2025-08-11 12:00",635,"36.472",52,43,1,0,0,0,0,
"2025-08-12 00:00",430,"35.553",54,41,2,0,0,0,0,
"2025-08-12 12:00",582,"36.428",50,43,0,0,0,0,0,
"2025-08-13 00:00",464,"36.291",52,42,1,0,0,0,0,
"2025-08-13 12:00",569,"36.844",52,43,1,0,0,0,0,
"2025-08-14 00:00",449,"35.394",54,42,2,0,0,0,0,
"2025-08-14 12:00",609,"36.343",49,43,0,0,0,0,0,
"2025-08-15 00:00",220,"35.609",52,43,2,0,0,0,0,
"2025-08-15 12:00",345,"36.417",52,42,2,0,0,0,0,
"2025-08-16 00:00",303,"36.574",53,42,1,0,0,0,0,
"2025-08-16 12:00",371,"36.418",51,43,2,0,0,0,0,
"2025-08-17 00:00",231,"35.632",53,42,1,0,0,0,0,
"2025-08-17 12:00",345,"36.475",51,43,2,0,0,0,0,
"2025-08-18 00:00",510,"36.669",53,43,3,0,0,0,0,
"2025-08-18 12:00",629,"36.229",52,43,2,0,0,0,0,
"2025-08-19 00:00",459,"36.242",58,42,1,0,0,0,0,
"2025-08-19 12:00",629,"36.401",56,43,2,0,0,0,0,
"2025-08-20 00:00",493,"36.428",52,43,2,0,0,0,0,
"2025-08-20 12:00",633,"36.509",51,42,1,0,0,0,0,
"2025-08-21 00:00",469,"35.623",49,41,0,0,0,0,0,
"2025-08-21 12:00",491,"36.308",52,42,1,0,0,0,0,
"2025-08-22 00:00",466,"35.627",49,42,0,0,0,0,0,
"2025-08-22 12:00",678,"36.369",51,43,2,0,0,0,0,
"2025-08-23 00:00",325,"36.366",50,42,0,0,0,0,0,
"2025-08-23 12:00",450,"36.833",50,43,0,0,0,0,0,
"2025-08-24 00:00",274,"35.708",48,43,0,0,0,0,0,
"2025-08-24 12:00",374,"36.553",51,43,1,0,0,0,0,
"2025-08-25 00:00",526,"36.473",52,42,1,0,0,0,0,
"2025-08-25 12:00",613,"36.24",49,43,0,0,0,0,0,
"2025-08-26 00:00",456,"36.305",52,42,3,0,0,0,0,
"2025-08-26 12:00",632,"36.896",49,43,0,0,0,0,0,
"2025-08-27 00:00",455,"36.644",51,43,1,0,0,0,0,
"2025-08-27 12:00",655,"36.824",50,42,0,0,0,0,0,
"2025-08-28 00:00",477,"36.667",52,43,3,0,0,0,0,
"2025-08-28 12:00",694,"36.654",53,43,3,0,0,0,0,
"2025-08-29 00:00",447,"35.432",49,41,0,0,0,0,0,
"2025-08-29 12:00",619,"36.859",51,42,1,0,0,0,0,
"2025-08-30 00:00",315,"36.397",49,42,0,0,0,0,0,
"2025-08-30 12:00",435,"35.611",49,42,0,0,0,0,0,
"2025-08-31 00:00",268,"35.787",47,42,0,0,0,0,0,
"2025-08-31 12:00",472,"36.288",53,43,3,0,0,0,0,
"2025-09-01 00:00",503,"35.857",53,42,3,0,0,0,0,
"2025-09-01 12:00",739,"36.263",50,42,0,0,0,0,0,
"2025-09-02 00:00",364,"35.321",51,41,1,0,0,0,0,
"2025-09-02 12:00",623,"36.465",55,43,4,0,0,0,0,
"2025-09-03 00:00",510,"35.68",51,42,1,0,0,0,0,
"2025-09-03 12:00",744,"36.211",52,43,2,0,0,0,0,
"2025-09-04 00:00",579,"34.675",51,41,1,0,0,0,0,
"2025-09-04 12:00",801,"35.493",55,42,2,0,0,0,0,
"2025-09-05 00:00",531,"35.729",51,42,2,0,0,0,0,
"2025-09-05 12:00",808,"36.052",52,42,2,0,0,0,0,
"2025-09-06 00:00",364,"36.288",55,43,3,0,0,0,0,
"2025-09-06 12:00",570,"35.626",50,42,0,0,0,0,0,
"2025-09-07 00:00",232,"36.991",51,43,1,0,0,0,0,
"2025-09-07 12:00",536,"37.112",52,43,1,0,0,0,0,
"2025-09-08 00:00",531,"35.657",53,42,5,0,0,0,0,
"2025-09-08 12:00",712,"36.555",53,43,3,0,0,0,0,
"2025-09-09 00:00",492,"35.467",50,42,0,0,0,0,0,
"2025-09-09 12:00",671,"36.887",49,43,0,0,0,0,0,
"2025-09-10 00:00",161,"34.28",54,41,1,0,0,0,0,
"2025-09-10 12:00",305,"35.026",49,41,0,0,0,0,0,
"2025-09-11 00:00",509,"35.411",50,41,0,0,0,0,0,
"2025-09-11 12:00",639,"36.063",51,42,2,0,0,0,0,
"2025-09-12 00:00",503,"35.672",53,42,1,0,0,0,0,
"2025-09-12 12:00",579,"36.157",53,42,1,0,0,0,0,
"2025-09-13 00:00",344,"36.026",53,42,2,0,0,0,0,
"2025-09-13 12:00",520,"36.442",56,43,1,0,0,0,0,
"2025-09-14 00:00",239,"35.519",48,42,0,0,0,0,0,
"2025-09-14 12:00",430,"36.605",51,43,1,0,0,0,0,
"2025-09-15 00:00",527,"35.446",55,42,1,0,0,0,0,
"2025-09-15 12:00",769,"36.157",52,42,1,0,0,0,0,
"2025-09-16 00:00",497,"35.034",50,41,0,0,0,0,0,
"2025-09-16 12:00",376,"35.896",48,42,0,0,0,0,0,
"2025-09-17 00:00",487,"34.934",52,41,1,0,0,0,0,
"2025-09-17 12:00",671,"36.615",53,43,5,0,0,0,0,
"2025-09-18 00:00",564,"35.229",52,42,2,0,0,0,0,
"2025-09-18 12:00",768,"35.409",51,42,1,0,0,0,0,
"2025-09-19 00:00",570,"35.593",53,42,2,0,0,0,0,
"2025-09-19 12:00",787,"35.484",52,42,2,0,0,0,0,
"2025-09-20 00:00",425,"35.214",58,42,4,0,0,0,0,
"2025-09-20 12:00",590,"36.424",54,43,1,0,0,0,0,
"2025-09-21 00:00",285,"36.288",49,43,0,0,0,0,0,
"2025-09-21 12:00",420,"36.571",49,43,0,0,0,0,0,
"2025-09-22 00:00",531,"35.823",51,42,1,0,0,0,0,
"2025-09-22 12:00",761,"36.096",52,42,2,0,0,0,0,
"2025-09-23 00:00",530,"35.745",54,42,3,0,0,0,0,
"2025-09-23 12:00",409,"35.289",49,42,0,0,0,0,0,
"2025-09-24 00:00",366,"35.019",51,40,1,0,0,0,0,
"2025-09-24 12:00",597,"39.144",63,47,40,3,0,0,0,
"2025-09-25 00:00",624,"39.255",70,47,33,4,0,0,0,
"2025-09-25 12:00",812,"40.467",69,48,78,8,0,0,0,
"2025-09-26 00:00",642,"39.794",75,48,54,5,2,0,0,
"2025-09-26 12:00",858,"40.498",75,49,88,12,1,0,0,
"2025-09-27 00:00",410,"41.52",70,49,35,5,0,0,0,
"2025-09-27 12:00",615,"41.187",74,49,67,7,1,0,0,
"2025-09-28 00:00",331,"41.861",85,50,46,8,3,1,0,
"2025-09-28 12:00",513,"41.713",65,49,59,3,0,0,0,
"2025-09-29 00:00",619,"39.246",72,47,41,2,1,0,0,
"2025-09-29 12:00",872,"41.014",77,49,91,4,1,0,0,
"2025-09-30 00:00",603,"39.791",67,48,37,3,0,0,0,
"2025-09-30 12:00",821,"41.476",68,49,96,5,0,0,0,
"2025-10-01 00:00",643,"39.563",65,48,56,3,0,0,0,
"2025-10-01 12:00",845,"40.975",69,49,96,7,0,0,0,
"2025-10-02 00:00",634,"39.841",70,48,62,6,0,0,0,
"2025-10-02 12:00",916,"40.913",70,49,98,8,0,0,0,
"2025-10-03 00:00",734,"40.362",83,49,70,8,3,1,0,
"2025-10-03 12:00","1,021","40.5",72,49,107,13,1,0,0,
"2025-10-04 00:00",470,"41.672",77,49,43,6,2,0,0,
"2025-10-04 12:00",738,"41.584",70,50,95,8,0,0,0,
"2025-10-05 00:00",42,"38.881",76,48,5,3,1,0,0,
"2025-10-05 12:00",407,"41.769",76,51,66,11,1,0,0,
"2025-10-06 00:00",694,"40.143",72,49,68,7,1,0,0,
"2025-10-06 12:00",951,"40.516",69,49,88,9,0,0,0,
"2025-10-07 00:00",837,"40.717",85,49,94,11,2,1,0,
"2025-10-07 12:00","1,047","39.758",75,48,81,6,1,0,0,
"2025-10-08 00:00",740,"40.442",71,49,80,9,1,0,0,
"2025-10-08 12:00",917,"40.769",84,49,92,8,2,1,0,
"2025-10-09 00:00",695,"39.587",78,48,52,4,1,0,0,
"2025-10-09 12:00",710,"39.985",60,48,59,0,0,0,0,
"2025-10-10 00:00",697,"39.247",73,48,55,7,1,0,0,
"2025-10-10 12:00",986,"40.155",80,48,83,8,3,0,0,
"2025-10-11 00:00",413,"40.78",77,49,53,11,5,0,0,
"2025-10-11 12:00",670,"40.948",72,50,88,6,2,0,0,
"2025-10-12 00:00",324,"41.568",72,50,45,6,1,0,0,
"2025-10-12 12:00",574,"41.402",118,50,83,8,3,1,1,118
"2025-10-13 00:00",660,"39.342",75,48,57,4,1,0,0,
"2025-10-13 12:00",941,"41.022",97,49,94,11,1,1,1,
"2025-10-14 00:00",518,"40.199",72,48,47,5,1,0,0,
"2025-10-14 12:00",984,"37.007",67,46,53,6,0,0,0,
"2025-10-15 00:00",665,"39.483",63,48,63,3,0,0,0,
"2025-10-15 12:00",764,"40.944",72,49,69,5,1,0,0,
"2025-10-16 00:00",668,"39.713",71,48,56,7,1,0,0,
"2025-10-16 12:00",911,"40.204",82,49,93,7,1,1,0,
"2025-10-17 00:00",691,"39.42",69,48,62,4,0,0,0,
"2025-10-17 12:00",986,"40.573",96,49,101,8,3,1,1,
"2025-10-18 00:00",485,"40.963",73,50,62,7,2,0,0,
"2025-10-18 12:00",741,"41.524",78,50,96,9,3,0,0,
"2025-10-19 00:00",361,"40.701",75,49,39,4,1,0,0,
"2025-10-19 12:00",547,"41.653",78,50,80,8,2,0,0,
"2025-10-20 00:00",695,"39.754",67,48,64,5,0,0,0,
"2025-10-20 12:00",895,"40.909",66,49,92,2,0,0,0,
"2025-10-21 00:00",641,"39.686",82,48,41,6,3,1,0,
"2025-10-21 12:00",820,"39.211",64,47,55,1,0,0,0,
"2025-10-22 00:00",690,"39.436",63,48,41,2,0,0,0,
"2025-10-22 12:00",872,"41.114",61,49,86,1,0,0,0,
"2025-10-23 00:00",678,"39.925",73,48,55,6,1,0,0,
"2025-10-23 12:00",537,"40.007",63,48,43,2,0,0,0,
"2025-10-24 00:00",676,"38.351",76,47,33,2,1,0,0,
"2025-10-24 12:00",950,"39.365",70,48,70,10,0,0,0,
"2025-10-25 00:00",420,"41.393",68,50,53,6,0,0,0,
"2025-10-25 12:00",659,"41.762",67,50,80,6,0,0,0,
"2025-10-26 00:00",334,"40.766",62,50,44,3,0,0,0,
"2025-10-26 12:00",349,"40.825",66,50,47,6,0,0,0,
"2025-10-27 00:00",644,"40.606",81,49,69,10,1,1,0,
"2025-10-27 12:00",746,"41.757",66,49,82,8,0,0,0,
"2025-10-28 00:00",618,"40.437",73,49,60,7,1,0,0,
"2025-10-28 12:00",803,"40.483",63,49,76,1,0,0,0,
"2025-10-29 00:00",626,"40.751",73,49,67,7,1,0,0,
"2025-10-29 12:00",833,"40.987",77,50,98,4,2,0,0,
"2025-10-30 00:00",651,"38.702",68,46,35,2,0,0,0,
"2025-10-30 12:00",802,"41.026",65,49,77,5,0,0,0,
"2025-10-31 00:00",381,"38.693",63,47,23,1,0,0,0,
"2025-10-31 12:00",668,"39.894",72,49,66,7,1,0,0,
"2025-11-01 00:00",290,"39.369",60,48,30,0,0,0,0,
"2025-11-01 12:00",670,"38.945",69,48,47,3,0,0,0,
"2025-11-02 00:00",338,"40.885",67,50,40,3,0,0,0,
"2025-11-02 12:00",442,"40.548",68,49,47,2,0,0,0,
"2025-11-03 00:00",698,"39.199",65,47,51,2,0,0,0,
"2025-11-03 12:00",889,"40.654",77,48,75,4,1,0,0,
"2025-11-04 00:00",729,"39.754",69,48,60,6,0,0,0,
"2025-11-04 12:00",810,"40.421",68,48,59,4,0,0,0,
"2025-11-05 00:00",752,"39.886",67,48,58,6,0,0,0,
"2025-11-05 12:00",954,"40.769",85,48,86,1,1,1,0,
"2025-11-06 00:00",749,"39.674",65,47,57,2,0,0,0,
"2025-11-06 12:00",965,"40.608",68,49,101,5,0,0,0,
"2025-11-07 00:00",721,"40.024",72,48,59,4,1,0,0,
"2025-11-07 12:00",945,"40.213",71,49,86,6,1,0,0,
"2025-11-08 00:00",476,"40.811",72,49,52,6,1,0,0,
"2025-11-08 12:00",631,"40.735",78,49,62,4,2,0,0,
"2025-11-09 00:00",355,"40.279",64,49,34,4,0,0,0,
"2025-11-09 12:00",572,"40.916",82,49,58,4,1,1,0,
"2025-11-10 00:00",688,"40.135",86,49,72,6,1,1,0,
"2025-11-10 12:00",865,"40.643",61,48,67,1,0,0,0,
"2025-11-11 00:00",660,"39.368",63,48,60,3,0,0,0,
"2025-11-11 12:00",867,"40.042",67,48,84,6,0,0,0,
"2025-11-12 00:00",681,"39.985",63,48,52,4,0,0,0,
"2025-11-12 12:00",835,"40.199",62,48,56,1,0,0,0,
"2025-11-13 00:00",657,"39.985",76,48,51,1,1,0,0,
"2025-11-13 12:00",989,"39.604",67,47,61,1,0,0,0,
"2025-11-14 00:00",705,"38.6",65,46,27,2,0,0,0,
"2025-11-14 12:00",966,"39.535",59,47,37,0,0,0,0,
"2025-11-15 00:00",446,"40.141",66,48,31,2,0,0,0,
"2025-11-15 12:00",668,"40.043",61,47,36,3,0,0,0,
"2025-11-16 00:00",342,"39.108",61,48,22,1,0,0,0,
"2025-11-16 12:00",360,"39.942",61,46,17,1,0,0,0,
"2025-11-17 00:00",324,"38.096",55,46,12,0,0,0,0,
"2025-11-17 12:00",683,"39.274",64,46,23,1,0,0,0,
"2025-11-18 00:00",674,"39.39",64,46,27,5,0,0,0,
"2025-11-18 12:00",877,"40.257",60,47,49,0,0,0,0,
"2025-11-19 00:00",710,"40.086",64,47,52,3,0,0,0,
"2025-11-19 12:00",865,"40.194",56,47,49,0,0,0,0,
"2025-11-20 00:00",546,"38.579",61,46,23,2,0,0,0,
"2025-11-20 12:00",893,"40.338",68,47,49,2,0,0,0,
"2025-11-21 00:00",631,"38.49",65,46,24,1,0,0,0,
"2025-11-21 12:00",919,"39.704",64,46,37,1,0,0,0,
"2025-11-22 00:00",368,"41.467",67,48,30,2,0,0,0,
"2025-11-22 12:00",643,"40.788",62,48,43,1,0,0,0,
"2025-11-23 00:00",351,"41.376",63,49,38,4,0,0,0,
"2025-11-23 12:00",623,"40.47",61,47,47,1,0,0,0,
"2025-11-24 00:00",658,"39.38",62,46,33,1,0,0,0,
"2025-11-24 12:00",760,"40.03",60,47,35,0,0,0,0,
"2025-11-25 00:00",471,"37.58",59,45,13,0,0,0,0,
"2025-11-25 12:00",648,"39.56",65,46,26,1,0,0,0,
"2025-11-26 00:00",689,"39.409",70,47,38,2,0,0,0,
"2025-11-26 12:00",827,"40.283",60,48,46,0,0,0,0,
"2025-11-27 00:00",682,"39.563",68,47,42,3,0,0,0,
"2025-11-27 12:00",918,"40.236",63,47,49,1,0,0,0,
"2025-11-28 00:00",664,"40.14",68,48,41,3,0,0,0,
"2025-11-28 12:00",943,"40.145",61,47,49,1,0,0,0,
"2025-11-29 00:00",416,"41.245",66,49,29,5,0,0,0,
"2025-11-29 12:00",670,"40.369",63,48,47,1,0,0,0,
"2025-11-30 00:00",301,"40.561",59,48,22,0,0,0,0,
"2025-11-30 12:00",566,"39.845",59,48,44,0,0,0,0,
"2025-12-01 00:00",675,"39.636",64,47,39,2,0,0,0,
"2025-12-01 12:00",848,"40.413",64,48,48,1,0,0,0,
"2025-12-02 00:00",647,"38.926",73,46,29,1,1,0,0,
"2025-12-02 12:00",793,"40.335",60,47,36,0,0,0,0,
"2025-12-03 00:00",644,"38.904",61,46,26,1,0,0,0,
"2025-12-03 12:00",835,"40.602",59,48,45,0,0,0,0,
"2025-12-04 00:00",328,"39.101",57,46,10,0,0,0,0,
"2025-12-04 12:00",874,"39.743",60,47,44,0,0,0,0,
"2025-12-05 00:00",675,"39.437",67,46,31,2,0,0,0,
"2025-12-05 12:00",757,"40.443",60,47,51,0,0,0,0,
"2025-12-06 00:00",398,"40.111",61,48,27,1,0,0,0,
"2025-12-06 12:00",621,"40.681",62,48,45,1,0,0,0,
"2025-12-07 00:00",290,"41.293",68,49,27,1,0,0,0,
"2025-12-07 12:00",514,"40.556",61,48,43,1,0,0,0,
"2025-12-08 00:00",653,"39.406",62,47,38,2,0,0,0,
"2025-12-08 12:00",844,"40.513",63,47,54,1,0,0,0,
"2025-12-09 00:00",627,"38.748",64,46,22,3,0,0,0,
"2025-12-09 12:00",833,"40.28",61,47,49,1,0,0,0,
"2025-12-10 00:00",625,"39.776",63,47,38,1,0,0,0,
"2025-12-10 12:00",849,"40.874",61,48,65,3,0,0,0,
"2025-12-11 00:00",613,"40.442",70,49,74,7,0,0,0,
"2025-12-11 12:00",835,"41.584",72,49,100,5,1,0,0,
"2025-12-12 00:00",626,"40.719",73,49,73,9,1,0,0,
"2025-12-12 12:00",899,"41.683",71,50,101,6,1,0,0,
"2025-12-13 00:00",406,"42.047",66,50,60,6,0,0,0,
"2025-12-13 12:00",656,"42.253",85,50,98,10,2,1,0,
"2025-12-14 00:00",305,"41.984",64,50,44,3,0,0,0,
"2025-12-14 12:00",513,"41.353",73,50,68,6,1,0,0,
"2025-12-15 00:00",605,"41.271",68,50,88,7,0,0,0,
"2025-12-15 12:00",891,"41.211",64,50,112,6,0,0,0,
"2025-12-16 00:00",601,"40.612",71,49,65,8,1,0,0,
"2025-12-16 12:00",812,"42.073",77,50,100,12,1,0,0,
"2025-12-17 00:00",622,"40.381",71,48,54,4,1,0,0,
"2025-12-17 12:00",850,"40.761",64,48,74,1,0,0,0,
"2025-12-18 00:00",631,"39.853",66,48,57,5,0,0,0,
"2025-12-18 12:00",960,"41.524",87,49,105,8,2,1,0,
"2025-12-19 00:00",683,"39.505",70,48,63,5,0,0,0,
"2025-12-19 12:00","1,012","41.556",67,49,108,6,0,0,0,
"2025-12-20 00:00",433,"40.956",70,50,57,4,0,0,0,
"2025-12-20 12:00",692,"42.689",63,50,90,4,0,0,0,
"2025-12-21 00:00",320,"41.622",64,51,53,3,0,0,0,
"2025-12-21 12:00",501,"41.874",66,51,81,5,0,0,0,
"2025-12-22 00:00",594,"40.177",65,48,62,3,0,0,0,
"2025-12-22 12:00",890,"41.503",74,50,100,5,1,0,0,
"2025-12-23 00:00",642,"40.64",74,48,59,9,2,0,0,
"2025-12-23 12:00",914,"40.847",70,49,89,7,0,0,0,
"2025-12-24 00:00",610,"39.552",63,47,38,7,0,0,0,
"2025-12-24 12:00",739,"40.866",72,50,95,6,1,0,0,
"2025-12-25 00:00",179,"39.575",74,49,17,3,1,0,0,
"2025-12-25 12:00",431,"41.186",66,49,50,4,0,0,0,
"2025-12-26 00:00",276,"41.399",69,50,41,2,0,0,0,
"2025-12-26 12:00",560,"42.184",70,50,83,9,0,0,0,
"2025-12-27 00:00",329,"43.003",76,52,64,5,2,0,0,
"2025-12-27 12:00",598,"41.642",69,50,89,8,0,0,0,
"2025-12-28 00:00",241,"42.822",73,51,44,5,2,0,0,
"2025-12-28 12:00",447,"42.121",62,51,75,6,0,0,0,
"2025-12-29 00:00",458,"42.356",75,51,70,11,1,0,0,
"2025-12-29 12:00",677,"42.143",74,50,97,8,1,0,0,
"2025-12-30 00:00",440,"42.552",75,51,70,6,1,0,0,
"2025-12-30 12:00",726,"42.304",64,50,102,7,0,0,0,
"2025-12-31 00:00",394,"42.561",72,52,76,8,1,0,0,
"2025-12-31 12:00",562,"43.176",83,53,122,11,2,1,0,
"2026-01-01 00:00",149,"42.141",74,54,28,8,1,0,0,
"2026-01-01 12:00",370,"42.795",66,51,68,5,0,0,0,
"2026-01-02 00:00",234,"42.791",73,51,36,4,1,0,0,
"2026-01-02 12:00",455,"43.202",71,51,81,5,1,0,0,
"2026-01-03 00:00",345,"43.252",69,51,59,9,0,0,0,
"2026-01-03 12:00",557,"43.772",77,53,119,9,1,0,0,
"2026-01-04 00:00",275,"42.662",68,51,46,8,0,0,0,
"2026-01-04 12:00",403,"42.633",68,51,66,4,0,0,0,
"2026-01-05 00:00",261,"40.602",67,50,38,5,0,0,0,
"2026-01-05 12:00",0,,,,0,0,0,0,0,
"2026-01-06 00:00",378,"40.86",63,49,38,4,0,0,0,
"2026-01-06 12:00",698,"34.173",61,42,6,1,0,0,0,
"2026-01-07 00:00",525,"36.92",64,45,19,2,0,0,0,
"2026-01-07 12:00",608,"39.89",62,48,41,2,0,0,0,
"2026-01-08 00:00",590,"40.324",66,49,58,5,0,0,0,
"2026-01-08 12:00",873,"41.009",70,50,103,9,0,0,0,
"2026-01-09 00:00",562,"40.95",74,50,74,8,1,0,0,
"2026-01-09 12:00",832,"40.968",67,49,83,4,0,0,0,
"2026-01-10 00:00",355,"41.538",70,50,49,3,0,0,0,
"2026-01-10 12:00",776,"42.235",66,50,103,8,0,0,0,
"2026-01-11 00:00",263,"41.266",63,50,39,2,0,0,0,
"2026-01-11 12:00",499,"43.042",75,51,86,9,2,0,0,
"2026-01-12 00:00",592,"41.157",66,50,73,6,0,0,0,
"2026-01-12 12:00",805,"41.893",77,50,98,7,3,0,0,
"2026-01-13 00:00",275,"40.076",74,49,34,3,1,0,0,
"2026-01-13 12:00",755,"42.278",69,50,110,3,0,0,0,
"2026-01-14 00:00",589,"41.003",67,50,78,7,0,0,0,
"2026-01-14 12:00",844,"42.107",67,50,111,6,0,0,0,
"2026-01-15 00:00",496,"40.593",64,50,61,5,0,0,0,
"2026-01-15 12:00",745,"41.966",84,50,90,6,1,1,0,
"2026-01-16 00:00",599,"40.8",74,50,81,12,1,0,0,
"2026-01-16 12:00",895,"41.63",71,50,113,9,1,0,0,
"2026-01-17 00:00",383,"41.752",66,50,51,7,0,0,0,
"2026-01-17 12:00",577,"42.352",61,50,69,5,0,0,0,
"2026-01-18 00:00",277,"41.841",68,51,44,5,0,0,0,
"2026-01-18 12:00",481,"42.391",66,51,75,3,0,0,0,
"2026-01-19 00:00",597,"40.923",73,50,77,5,1,0,0,
"2026-01-19 12:00",821,"42.715",69,51,131,11,0,0,0,
"2026-01-20 00:00",584,"41.298",75,50,75,12,1,0,0,
"2026-01-20 12:00",837,"42.74",69,51,141,7,0,0,0,
"2026-01-21 00:00",560,"42.243",73,50,78,11,1,0,0,
"2026-01-21 12:00",866,"43.141",83,52,170,14,1,1,0,
"2026-01-22 00:00",579,"42.047",72,51,92,11,1,0,0,
"2026-01-22 12:00",896,"41.175",66,50,113,9,0,0,0,
"2026-01-23 00:00",631,"41.127",65,50,80,8,0,0,0,
"2026-01-23 12:00",895,"42.525",68,51,134,9,0,0,0,
"2026-01-24 00:00",409,"41.606",76,50,56,8,2,0,0,
"2026-01-24 12:00",552,"41.288",65,49,61,3,0,0,0,
"2026-01-25 00:00",205,"40.254",68,49,23,3,0,0,0,
"2026-01-25 12:00",334,"40.467",61,49,33,3,0,0,0,
"2026-01-26 00:00",616,"40.81",66,49,61,4,0,0,0,
"2026-01-26 12:00",859,"42.123",63,50,113,1,0,0,0,
"2026-01-27 00:00",571,"41.881",71,49,61,9,1,0,0,
"2026-01-27 12:00",868,"42.301",59,50,113,0,0,0,0,
"2026-01-28 00:00",595,"40.22",69,49,53,5,0,0,0,
"2026-01-28 12:00",758,"41.152",62,48,50,5,0,0,0,
"2026-01-29 00:00",579,"40.295",63,48,48,5,0,0,0,
"2026-01-29 12:00",839,"41.765",64,50,102,5,0,0,0,
"2026-01-30 00:00",637,"40.819",67,49,70,3,0,0,0,
"2026-01-30 12:00",880,"42.418",81,50,118,5,1,1,0,
"2026-01-31 00:00",345,"43.11",70,51,62,8,0,0,0,
"2026-01-31 12:00",617,"42.543",62,51,94,4,0,0,0,
"2026-02-01 00:00",276,"43.232",71,53,62,7,1,0,0,
"2026-02-01 12:00",495,"43.529",75,51,87,5,1,0,0,
"2026-02-02 00:00",603,"39.876",68,49,63,8,0,0,0,
"2026-02-02 12:00",804,"41.932",62,50,99,2,0,0,0,
"2026-02-03 00:00",586,"40.06",76,48,45,6,1,0,0,
"2026-02-03 12:00",722,"41.091",71,48,64,6,1,0,0,
"2026-02-04 00:00",583,"40.022",67,48,42,5,0,0,0,
"2026-02-04 12:00",786,"40.642",60,48,68,0,0,0,0,
"2026-02-05 00:00",653,"39.031",65,47,34,1,0,0,0,
"2026-02-05 12:00",889,"40.588",69,47,48,3,0,0,0,
"2026-02-06 00:00",636,"38.954",61,47,37,2,0,0,0,
"2026-02-06 12:00",863,"41.559",62,49,81,2,0,0,0,
"2026-02-07 00:00",397,"42.335",65,49,47,5,0,0,0,
"2026-02-07 12:00",617,"41.041",63,49,55,1,0,0,0,
"2026-02-08 00:00",278,"39.96",61,48,25,2,0,0,0,
"2026-02-08 12:00",520,"41.229",68,49,55,4,0,0,0,
"2026-02-09 00:00",623,"39.44",67,47,29,3,0,0,0,
"2026-02-09 12:00",801,"40.853",66,48,58,4,0,0,0,
"2026-02-10 00:00",562,"39.557",83,47,32,4,1,1,0,
"2026-02-10 12:00",823,"41.872",61,49,89,1,0,0,0,
"2026-02-11 00:00",575,"40.694",91,48,44,4,1,1,1,
"2026-02-11 12:00",808,"42.012",69,49,71,5,0,0,0,
"2026-02-12 00:00",658,"40.184",62,48,49,1,0,0,0,
"2026-02-12 12:00",861,"40.6",65,47,48,1,0,0,0,
"2026-02-13 00:00",632,"39.905",63,47,47,2,0,0,0,
"2026-02-13 12:00",948,"40.819",65,48,69,2,0,0,0,
"2026-02-14 00:00",420,"41.369",64,50,55,5,0,0,0,
"2026-02-14 12:00",701,"39.509",61,47,53,2,0,0,0,
"2026-02-15 00:00",254,"42.031",62,51,41,2,0,0,0,
"2026-02-15 12:00",518,"42.375",66,50,68,3,0,0,0,
"2026-02-16 00:00",524,"41.109",70,49,58,4,0,0,0,
"2026-02-16 12:00",689,"42.668",66,49,68,5,0,0,0,
"2026-02-17 00:00",530,"41.383",66,50,67,3,0,0,0,
"2026-02-17 12:00",730,"42.155",64,49,88,4,0,0,0,
"2026-02-18 00:00",541,"41.316",65,50,67,4,0,0,0,
"2026-02-18 12:00",749,"41.135",66,49,64,3,0,0,0,
"2026-02-19 00:00",471,"39.639",67,48,30,3,0,0,0,
"2026-02-19 12:00",482,"39.902",58,47,32,0,0,0,0,
"2026-02-20 00:00",544,"39.851",62,47,34,2,0,0,0,
"2026-02-20 12:00",731,"42.627",67,50,101,7,0,0,0,
"2026-02-21 00:00",362,"42.652",64,50,46,4,0,0,0,
"2026-02-21 12:00",658,"42.465",73,50,95,3,1,0,0,
"2026-02-22 00:00",303,"41.627",62,50,44,1,0,0,0,
"2026-02-22 12:00",477,"42.199",67,50,54,3,0,0,0,
"2026-02-23 00:00",616,"41.67",66,49,57,5,0,0,0,
"2026-02-23 12:00",862,"42.222",73,49,88,7,1,0,0,
"2026-02-24 00:00",600,"41.5",64,49,62,5,0,0,0,
"2026-02-24 12:00",788,"42.647",64,50,88,3,0,0,0,
"2026-02-25 00:00",633,"41.42",70,50,77,5,0,0,0,
"2026-02-25 12:00",836,"40.755",65,48,63,3,0,0,0,
"2026-02-26 00:00",646,"40.658",63,48,54,3,0,0,0,
"2026-02-26 12:00",880,"41.876",62,49,99,2,0,0,0,
"2026-02-27 00:00",683,"41.001",65,49,67,3,0,0,0,
"2026-02-27 12:00",969,"41.479",64,49,102,3,0,0,0,
"2026-02-28 00:00",413,"42.605",71,50,50,1,1,0,0,
"2026-02-28 12:00",689,"41.927",70,50,84,3,0,0,0,
"2026-03-01 00:00",320,"40.719",68,49,29,2,0,0,0,
"2026-03-01 12:00",511,"41.462",62,50,57,3,0,0,0,
"2026-03-02 00:00",610,"40.434",68,48,51,6,0,0,0,
"2026-03-02 12:00",856,"41.808",69,49,95,3,0,0,0,
"2026-03-03 00:00",584,"40.654",63,49,58,5,0,0,0,
"2026-03-03 12:00",837,"41.528",67,49,80,2,0,0,0,
"2026-03-04 00:00",665,"41.316",65,49,71,5,0,0,0,
"2026-03-04 12:00",848,"41.66",65,49,84,1,0,0,0,
"2026-03-05 00:00",612,"40.879",65,49,63,4,0,0,0,
"2026-03-05 12:00",893,"41.169",63,49,81,2,0,0,0,
"2026-03-06 00:00",618,"41.597",70,49,73,5,0,0,0,
"2026-03-06 12:00",947,"41.794",80,49,89,2,2,0,0,
"2026-03-07 00:00",426,"42.573",66,50,53,4,0,0,0,
"2026-03-07 12:00",639,"42.027",72,50,85,4,1,0,0,
"2026-03-08 00:00",368,"42.796",62,50,53,2,0,0,0,
"2026-03-08 12:00",591,"41.878",62,50,79,3,0,0,0,
"2026-03-09 00:00",622,"40.502",65,48,52,5,0,0,0,
"2026-03-09 12:00",898,"41.98",62,49,94,2,0,0,0,
"2026-03-10 00:00",595,"40.728",65,49,54,3,0,0,0,
"2026-03-10 12:00",849,"41.212",64,49,80,2,0,0,0,
"2026-03-11 00:00",600,"40.993",65,49,56,7,0,0,0,
"2026-03-11 12:00",838,"42.42",68,49,103,6,0,0,0,
"2026-03-12 00:00",620,"41.54",65,49,56,6,0,0,0,
"2026-03-12 12:00",842,"40.91",59,49,74,0,0,0,0,
"2026-03-13 00:00",630,"40.063",79,48,44,4,1,0,0,
"2026-03-13 12:00",884,"41.564",66,50,105,2,0,0,0,
"2026-03-14 00:00",432,"42.403",77,50,56,5,1,0,0,
"2026-03-14 12:00",631,"42.016",67,49,66,3,0,0,0,
"2026-03-15 00:00",334,"41.44",69,49,39,4,0,0,0,
"2026-03-15 12:00",523,"41.967",62,49,49,3,0,0,0,
"2026-03-16 00:00",639,"41.1",66,49,63,4,0,0,0,
"2026-03-16 12:00",823,"40.724",62,48,58,1,0,0,0,
"2026-03-17 00:00",635,"40.932",64,48,64,5,0,0,0,
"2026-03-17 12:00",845,"41.763",66,49,87,4,0,0,0,
"2026-03-18 00:00",618,"40.348",63,48,47,3,0,0,0,
"2026-03-18 12:00",883,"42.191",68,50,96,6,0,0,0,
"2026-03-19 00:00",685,"41.194",71,49,72,4,1,0,0,
"2026-03-19 12:00",898,"41.738",67,49,98,2,0,0,0,
"2026-03-20 00:00",662,"40.69",65,49,61,4,0,0,0,
"2026-03-20 12:00",912,"42.154",63,50,113,4,0,0,0,
"2026-03-21 00:00",408,"41.409",72,50,53,3,1,0,0,
"2026-03-21 12:00",622,"41.937",65,49,63,3,0,0,0,
"2026-03-22 00:00",330,"42.867",65,51,58,4,0,0,0,
"2026-03-22 12:00",520,"43.096",65,51,85,1,0,0,0,
"2026-03-23 00:00",638,"41.312",69,49,58,5,0,0,0,
"2026-03-23 12:00",872,"41.79",70,50,99,2,0,0,0,
"2026-03-24 00:00",615,"41.416",65,49,61,4,0,0,0,
"2026-03-24 12:00",814,"41.908",63,49,83,1,0,0,0,
"2026-03-25 00:00",684,"41.424",73,50,85,12,1,0,0,
"2026-03-25 12:00",957,"41.446",70,49,105,5,0,0,0,
"2026-03-26 00:00",527,"40.009",58,47,34,0,0,0,0,
"2026-03-26 12:00",492,"42.551",78,51,75,14,2,0,0,
"2026-03-27 00:00",380,"40.382",72,48,28,3,1,0,0,
"2026-03-27 12:00",700,"41.719",70,50,79,5,0,0,0,
"2026-03-28 00:00",404,"41.124",66,49,41,3,0,0,0,
"2026-03-28 12:00",678,"41.074",62,49,65,4,0,0,0,
"2026-03-29 00:00",250,"41.4",66,49,24,2,0,0,0,
"2026-03-29 12:00",486,"41.566",66,50,61,3,0,0,0,
"2026-03-30 00:00",639,"40.097",71,48,50,4,1,0,0,
"2026-03-30 12:00",967,"41.234",62,49,84,2,0,0,0,
"2026-03-31 00:00",560,"40.245",61,48,39,1,0,0,0,
"2026-03-31 12:00",620,"41.008",60,48,42,0,0,0,0,
"2026-04-01 00:00",579,"40.734",66,48,44,1,0,0,0,
"2026-04-01 12:00",848,"41.513",67,50,96,4,0,0,0,
"2026-04-02 00:00",627,"41.432",68,49,67,6,0,0,0,
"2026-04-02 12:00",971,"40.854",65,48,81,2,0,0,0,
"2026-04-03 00:00",649,"41.291",78,48,61,5,2,0,0,
"2026-04-03 12:00",935,"41.148",71,49,92,9,1,0,0,
"2026-04-04 00:00",422,"41.142",75,49,45,2,1,0,0,
"2026-04-04 12:00",655,"40.07",71,48,56,2,1,0,0,
"2026-04-05 00:00",270,"40.915",72,49,34,2,1,0,0,
"2026-04-05 12:00",518,"40.06",62,48,54,2,0,0,0,
"2026-04-06 00:00",289,"40.792",61,48,25,2,0,0,0,
"2026-04-06 12:00",569,"40.367",59,48,44,0,0,0,0,
"2026-04-07 00:00",641,"39.424",59,46,36,0,0,0,0,
"2026-04-07 12:00",853,"40.168",60,47,52,0,0,0,0,
"2026-04-08 00:00",653,"39.766",62,47,32,3,0,0,0,
"2026-04-08 12:00",910,"39.964",59,47,42,0,0,0,0,
"2026-04-09 00:00",630,"39.095",62,47,32,1,0,0,0,
"2026-04-09 12:00",941,"39.864",64,47,41,1,0,0,0,
"2026-04-10 00:00",639,"40.056",64,47,35,1,0,0,0,
"2026-04-10 12:00",932,"39.27",65,46,35,1,0,0,0,
"2026-04-11 00:00",416,"39.873",66,48,30,1,0,0,0,
"2026-04-11 12:00",699,"40.804",62,48,53,1,0,0,0,
"2026-04-12 00:00",334,"40.132",60,48,28,0,0,0,0,
"2026-04-12 12:00",529,"39.819",65,48,44,2,0,0,0,
"2026-04-13 00:00",614,"39.07",59,46,25,0,0,0,0,
"2026-04-13 12:00",937,"39.531",63,47,58,2,0,0,0,
"2026-04-14 00:00",656,"39.078",57,46,25,0,0,0,0,
"2026-04-14 12:00",865,"40.808",59,48,57,0,0,0,0,
"2026-04-15 00:00",623,"38.979",65,46,20,2,0,0,0,
"2026-04-15 12:00",866,"39.63",59,46,29,0,0,0,0,
"2026-04-16 00:00",637,"39.058",61,46,21,1,0,0,0,
"2026-04-16 12:00",916,"38.749",59,46,28,0,0,0,0,
"2026-04-17 00:00",678,"38.875",61,47,36,3,0,0,0,
"2026-04-17 12:00",998,"38.253",63,45,29,3,0,0,0,
"2026-04-18 00:00",462,"38.844",59,46,18,0,0,0,0,
"2026-04-18 12:00",699,"39.451",65,46,29,1,0,0,0,
"2026-04-19 00:00",339,"39.139",63,46,14,1,0,0,0,
"2026-04-19 12:00",484,"39.632",64,47,26,1,0,0,0,
"2026-04-20 00:00",666,"38.581",64,46,33,1,0,0,0,
"2026-04-20 12:00",785,"39.455",57,46,16,0,0,0,0,
"2026-04-21 00:00",683,"38.331",58,46,31,0,0,0,0,
"2026-04-21 12:00",834,"39.773",58,46,39,0,0,0,0,
"2026-04-22 00:00",653,"39.011",59,47,34,0,0,0,0,
"2026-04-22 12:00",922,"39.444",58,46,26,0,0,0,0,
"2026-04-23 00:00",716,"38.545",61,45,31,1,0,0,0,
"2026-04-23 12:00","1,004","38.504",61,45,32,1,0,0,0,
"2026-04-24 00:00",689,"38.43",56,46,33,0,0,0,0,
"2026-04-24 12:00",910,"38.805",56,46,33,0,0,0,0,
"2026-04-25 00:00",457,"39.175",61,47,16,1,0,0,0,
"2026-04-25 12:00",655,"39.334",59,47,35,0,0,0,0,
"2026-04-26 00:00",336,"39.491",64,47,20,2,0,0,0,
"2026-04-26 12:00",429,"40.184",63,47,26,2,0,0,0,
"2026-04-27 00:00",293,"39.485",60,47,18,0,0,0,0,
"2026-04-27 12:00",482,"39.529",61,46,23,1,0,0,0,
"2026-04-28 00:00",486,"39.34",61,46,17,1,0,0,0,
"2026-04-28 12:00",668,"39.746",66,47,23,1,0,0,0,
"2026-04-29 00:00",428,"38.633",59,46,14,0,0,0,0,
"2026-04-29 12:00",515,"40.32",62,47,32,1,0,0,0,
"2026-04-30 00:00",531,"39.16",57,46,15,0,0,0,0,
"2026-04-30 12:00",762,"39.185",64,46,39,4,0,0,0,
"2026-05-01 00:00",226,"39.363",55,47,11,0,0,0,0,
"2026-05-01 12:00",454,"39.214",67,47,28,3,0,0,0,
"2026-05-02 00:00",317,"39.372",58,48,20,0,0,0,0,
"2026-05-02 12:00",527,"38.254",60,45,19,0,0,0,0,
"2026-05-03 00:00",316,"39.759",59,47,15,0,0,0,0,
"2026-05-03 12:00",512,"39.258",68,47,25,1,0,0,0,
"2026-05-04 00:00",624,"38.627",59,45,14,0,0,0,0,
"2026-05-04 12:00",928,"38.609",58,46,17,0,0,0,0,
"2026-05-05 00:00",630,"37.392",59,45,15,0,0,0,0,
"2026-05-05 12:00",873,"38.751",61,46,21,2,0,0,0,
"2026-05-06 00:00",563,"37.746",60,45,16,0,0,0,0,
"2026-05-06 12:00",801,"39.806",60,46,39,0,0,0,0,
"2026-05-07 00:00",633,"38.572",59,45,21,0,0,0,0,
"2026-05-07 12:00",955,"38.711",62,46,35,1,0,0,0,
"2026-05-08 00:00",624,"38.298",65,46,27,1,0,0,0,
"2026-05-08 12:00",993,"39.087",61,46,37,1,0,0,0,
"2026-05-09 00:00",507,"38.024",59,46,16,0,0,0,0,
"2026-05-09 12:00",745,"39.095",59,47,30,0,0,0,0,
"2026-05-10 00:00",359,"38.574",60,46,14,0,0,0,0,
"2026-05-10 12:00",571,"39.778",65,47,27,2,0,0,0,
"2026-05-11 00:00",637,"38.542",59,46,18,0,0,0,0,
"2026-05-11 12:00",594,"38.872",58,46,11,0,0,0,0,
"2026-05-12 00:00",439,"37.649",60,44,10,0,0,0,0,
"2026-05-12 12:00",810,"39.831",58,46,24,0,0,0,0,
"2026-05-13 00:00",654,"38.583",63,46,25,1,0,0,0,
"2026-05-13 12:00",945,"38.922",60,46,42,0,0,0,0,
"2026-05-14 00:00",654,"38.407",60,46,19,0,0,0,0,
"2026-05-14 12:00",403,"38.199",58,46,13,0,0,0,0,
"2026-05-15 00:00",625,"38.842",67,46,21,1,0,0,0,
"2026-05-15 12:00",528,"38.962",58,46,21,0,0,0,0,
"2026-05-16 00:00",427,"39.806",61,47,24,1,0,0,0,
"2026-05-16 12:00",667,"39.219",58,47,38,0,0,0,0,
"2026-05-17 00:00",341,"39.37",60,47,19,0,0,0,0,
"2026-05-17 12:00",613,"39.543",60,47,32,0,0,0,0,
"2026-05-18 00:00",651,"38.488",66,46,21,3,0,0,0,
"2026-05-18 12:00",951,"39.086",59,46,37,0,0,0,0,
"2026-05-19 00:00",648,"38.451",68,46,22,2,0,0,0,
"2026-05-19 12:00",882,"39.358",60,47,39,0,0,0,0,
"2026-05-20 00:00",624,"38.468",76,47,39,5,1,0,0,
"2026-05-20 12:00",962,"40.225",75,48,81,4,1,0,0,
"2026-05-21 00:00",660,"39.267",75,48,50,5,1,0,0,
"2026-05-21 12:00",953,"39.659",66,48,78,4,0,0,0,
"2026-05-22 00:00",676,"39.203",77,48,52,4,1,0,0,
"2026-05-22 12:00","1,032","39.247",73,48,84,6,1,0,0,
"2026-05-23 00:00",483,"40.164",64,49,41,1,0,0,0,
"2026-05-23 12:00",737,"40.049",80,48,61,5,1,0,0,
"2026-05-24 00:00",334,"40.943",71,50,50,8,1,0,0,
"2026-05-24 12:00",677,"40.542",83,49,60,7,2,1,0,
"2026-05-25 00:00",727,"39.809",73,48,64,5,1,0,0,
"2026-05-25 12:00",945,"40.683",87,48,94,12,3,1,0,
"2026-05-26 00:00",701,"38.499",80,47,42,4,1,0,0,
"2026-05-26 12:00",930,"39.843",72,49,95,6,1,0,0,
"2026-05-27 00:00",615,"39.195",63,48,50,2,0,0,0,
"2026-05-27 12:00",892,"39.843",64,48,63,2,0,0,0,
"2026-05-28 00:00",631,"39.521",64,48,56,3,0,0,0,
"2026-05-28 12:00",991,"40.165",77,48,82,6,1,0,0,
"2026-05-29 00:00",705,"39.355",65,47,49,5,0,0,0,
"2026-05-29 12:00","1,027","40.222",69,48,95,5,0,0,0,
"2026-05-30 00:00",471,"39.573",63,48,35,2,0,0,0,
"2026-05-30 12:00",726,"41.663",79,50,90,8,1,0,0,
"2026-05-31 00:00",364,"41.47",63,51,59,3,0,0,0,
"2026-05-31 12:00",486,"40.928",91,49,51,4,1,1,1,
"2026-06-01 00:00",670,"39.972",84,48,40,4,1,1,0,
"2026-06-01 12:00",918,"40.976",74,49,89,4,1,0,0,
"2026-06-02 00:00",681,"39.802",71,48,61,4,1,0,0,
"2026-06-02 12:00",933,"40.292",75,48,85,3,1,0,0,
"2026-06-03 00:00",312,"38.446",63,47,15,2,0,0,0,
"2026-06-03 12:00",840,"41.242",70,49,88,7,0,0,0,
"2026-06-04 00:00",764,"39.971",73,48,67,8,2,0,0,
"2026-06-04 12:00","1,009","39.164",101,48,84,7,1,1,1,101
"2026-06-05 00:00",604,"39.053",68,47,43,6,0,0,0,
"2026-06-05 12:00",852,"40.242",74,48,75,5,1,0,0,
"2026-06-06 00:00",431,"40.035",81,48,37,5,1,1,0,
"2026-06-06 12:00",778,"39.78",83,48,61,5,1,1,0,
"2026-06-07 00:00",437,"40.22",77,49,36,10,3,0,0,
"2026-06-07 12:00",587,"40.511",72,49,66,6,1,0,0,
"2026-06-08 00:00",620,"39.105",70,48,39,5,0,0,0,
"2026-06-08 12:00",971,"40.299",68,48,83,6,0,0,0,
"2026-06-09 00:00",637,"39.462",81,48,49,3,2,1,0,
"2026-06-09 12:00",899,"40.165",73,48,77,9,1,0,0,
"2026-06-10 00:00",601,"38.895",74,47,39,1,1,0,0,
"2026-06-10 12:00",777,"40.528",80,49,59,8,2,0,0,
"2026-06-11 00:00",652,"39.304",80,48,41,6,2,0,0,
"2026-06-11 12:00",930,"41.29",63,49,105,6,0,0,0,
"2026-06-12 00:00",646,"39.83",79,48,53,3,1,0,0,
"2026-06-12 12:00","1,003","40.238",74,49,100,7,1,0,0,
"2026-06-13 00:00",527,"41.528",76,50,75,6,2,0,0,
"2026-06-13 12:00",747,"40.406",70,49,70,8,0,0,0,
"2026-06-14 00:00",341,"41.372",70,51,61,8,0,0,0,
"2026-06-14 12:00",605,"40.861",73,50,70,2,1,0,0,
"2026-06-15 00:00",625,"39.491",79,48,45,3,1,0,0,
"2026-06-15 12:00",927,"40.496",67,48,80,4,0,0,0,
"2026-06-16 00:00",642,"39.734",74,48,56,7,1,0,0,
"2026-06-16 12:00",933,"39.661",73,48,74,6,2,0,0,
"2026-06-17 00:00",674,"39.862",71,48,64,9,1,0,0,
"2026-06-17 12:00",954,"41.217",65,49,94,3,0,0,0,
"2026-06-18 00:00",634,"39.653",65,48,57,3,0,0,0,
"2026-06-18 12:00",907,"40.216",70,48,77,4,0,0,0,
"2026-06-19 00:00",662,"39.914",64,48,47,2,0,0,0,
"2026-06-19 12:00",896,"40.871",64,49,81,3,0,0,0,
"2026-06-20 00:00",449,"41.042",65,49,45,5,0,0,0,
"2026-06-20 12:00",585,"41.434",72,50,74,6,1,0,0,
"2026-06-21 00:00",376,"41.088",79,50,53,4,1,0,0,
"2026-06-21 12:00",582,"41.667",64,50,85,6,0,0,0,
"2026-06-22 00:00",599,"39.865",66,48,54,4,0,0,0,
"2026-06-22 12:00",892,"42.141",64,50,112,5,0,0,0,
"2026-06-23 00:00",603,"40.522",68,49,64,3,0,0,0,
"2026-06-23 12:00",834,"41.526",71,50,101,6,1,0,0,
"2026-06-24 00:00",656,"39.905",74,48,46,8,1,0,0,
"2026-06-24 12:00",981,"41.232",63,49,104,3,0,0,0,
"2026-06-25 00:00",305,"40.698",66,50,45,3,0,0,0,
"2026-06-25 12:00",520,"42.104",68,50,75,10,0,0,0,
"2026-06-26 00:00",489,"40.628",64,49,45,2,0,0,0,
"2026-06-26 12:00",707,"42.274",71,50,97,7,1,0,0,
"2026-06-27 00:00",384,"41.539",72,50,46,3,1,0,0,
"2026-06-27 12:00",563,"41.918",71,50,73,5,1,0,0,
"2026-06-28 00:00",335,"39.021",62,48,31,4,0,0,0,
"2026-06-28 12:00",490,"42.41",80,51,79,7,2,0,0,
"2026-06-29 00:00",582,"40.459",64,49,56,3,0,0,0,
"2026-06-29 12:00",776,"42.195",70,50,104,7,0,0,0,
"2026-06-30 00:00",596,"40.357",87,48,48,7,1,1,0,
"2026-06-30 12:00",777,"41.681",65,50,94,7,0,0,0,
"2026-07-01 00:00",323,"39.957",58,48,23,0,0,0,0,
"2026-07-01 12:00",743,"41.24",77,50,96,8,1,0,0,
"2026-07-02 00:00",587,"40.218",72,49,57,4,2,0,0,
"2026-07-02 12:00",867,"40.923",92,49,91,9,3,1,1,
"2026-07-03 00:00",683,"39.594",73,47,55,4,1,0,0,
"2026-07-03 12:00",773,"40.766",84,49,87,1,1,1,0,
"2026-07-04 00:00",440,"39.768",66,48,45,2,0,0,0,
"2026-07-04 12:00",593,"41.239",69,50,66,6,0,0,0,
"2026-07-05 00:00",327,"39.951",74,49,38,3,1,0,0,
"2026-07-05 12:00",557,"41.612",63,50,73,4,0,0,0,
"2026-07-06 00:00",578,"39.884",68,48,50,2,0,0,0,
"2026-07-06 12:00",768,"41.211",68,49,77,5,0,0,0,
"2026-07-07 00:00",567,"39.822",97,48,53,4,3,2,1,
"2026-07-07 12:00",746,"40.606",71,49,82,5,1,0,0,
"2026-07-08 00:00",561,"39.649",71,48,40,4,1,0,0,
"2026-07-08 12:00",761,"40.736",74,49,73,5,2,0,0,
"2026-07-09 00:00",566,"40.231",63,49,52,2,0,0,0,
"2026-07-09 12:00",753,"40.873",63,49,72,5,0,0,0,
"2026-07-10 00:00",577,"40.18",63,48,45,2,0,0,0,
"2026-07-10 12:00",800,"41.084",70,50,97,7,0,0,0,
"2026-07-11 00:00",405,"40.83",79,49,45,5,2,0,0,
"2026-07-11 12:00",552,"41.732",94,50,77,7,2,2,1,
"2026-07-12 00:00",319,"41.429",70,50,47,2,0,0,0,
"2026-07-12 12:00",533,"41.561",69,50,57,5,0,0,0,
"2026-07-13 00:00",588,"39.886",64,48,43,4,0,0,0,
"2026-07-13 12:00",803,"41.437",78,49,93,5,1,0,0,
"2026-07-14 00:00",565,"39.274",71,47,43,3,1,0,0,
"2026-07-14 12:00",684,"41.222",69,49,71,2,0,0,0,
"2026-07-15 00:00",542,"40.413",64,48,54,7,0,0,0,
"2026-07-15 12:00",746,"41.354",77,49,80,1,1,0,0,
"2026-07-16 00:00",527,"40.171",63,48,41,2,0,0,0,
"2026-07-16 12:00",768,"41.552",64,50,104,6,0,0,0,
"2026-07-17 00:00",545,"40.284",80,48,42,3,1,0,0,
"2026-07-17 12:00",801,"40.416",62,49,86,1,0,0,0,
"2026-07-18 00:00",423,"41.352",77,49,43,2,1,0,0,
"2026-07-18 12:00",515,"41.594",70,50,65,4,0,0,0,
"2026-07-19 00:00",329,"40.96",63,49,42,2,0,0,0,
"2026-07-19 12:00",458,"41.659",71,51,72,10,1,0,0,
"2026-07-20 00:00",584,"40.014",68,48,51,3,0,0,0,
"2026-07-20 12:00",808,"40.906",70,49,75,1,0,0,0,
"2026-07-21 00:00",504,"39.883",63,48,35,1,0,0,0,
"2026-07-21 12:00",667,"41.199",66,49,75,2,0,0,0,
"2026-07-22 00:00",517,"40.787",76,49,50,6,1,0,0,
"2026-07-22 12:00",765,"40.635",63,49,82,4,0,0,0,
"2026-07-23 00:00",554,"39.603",71,48,45,3,1,0,0,
"2026-07-23 12:00",644,"40.974",66,49,64,4,0,0,0,
"2026-07-24 00:00",523,"39.851",73,48,44,5,1,0,0,
"2026-07-24 12:00",806,"40.628",75,49,68,6,1,0,0,
"2026-07-25 00:00",386,"40.933",67,50,44,5,0,0,0,
"2026-07-25 12:00",609,"40.975",62,49,70,2,0,0,0,
"2026-07-26 00:00",220,"41.164",68,50,24,3,0,0,0,
"2026-07-26 12:00",0,,,,0,0,0,0,0,
"2026-07-27 00:00",314,"40.631",57,48,30,0,0,0,0,
"2026-07-27 12:00",645,"41.293",66,49,68,6,0,0,0,
"2026-07-28 00:00",485,"39.819",66,48,41,2,0,0,0,
"2026-07-28 12:00",697,"40.94",68,49,68,2,0,0,0,
"2026-07-29 00:00",520,40,59,48,45,0,0,0,0,
"2026-07-29 12:00",682,"40.881",64,49,69,4,0,0,0,
"2026-07-30 00:00",525,"40.432",69,48,51,2,0,0,0,
"2026-07-30 12:00",672,"41.527",62,49,67,3,0,0,0,
"2026-07-31 00:00",543,"40.129",66,48,43,4,0,0,0,
"2026-07-31 12:00",672,"41.705",88,50,93,9,1,1,0,
"2026-08-01 00:00",282,"39.539",58,49,29,0,0,0,0,
"2026-08-01 12:00",528,"41.636",68,50,73,5,0,0,0,
"2026-08-02 00:00",214,"41.327",75,52,40,5,1,0,0,
"2026-08-02 12:00",423,"42.322",67,50,56,7,0,0,0,
"2026-08-03 00:00",531,"35.288",66,44,14,1,0,0,0,
"2026-08-03 12:00",684,"41.083",69,49,73,4,0,0,0,
"2026-08-04 00:00",524,"35.899",59,46,25,0,0,0,0,
"2026-08-04 12:00",119,"40.403",56,49,10,0,0,0,0,
